الحي_الأول,الحي_الثاني,المسافة_KM,الوقت_المتوقع_MINUTE
AL-BOTAIHA,JABRAH,0.26,0.5
MEEKAL,SKIRINAH,0.33,0.6
AL-BOTAIHA,SKIRINAH,0.45,0.9
AN-NASIRIYAH,ASH-SHARAFIYAH,0.49,1.0
JABRAH,SKIRINAH,0.58,1.1
AL-JARRADIYAH,ASH-SHOMAISI,0.61,1.2
AL-AOUD,JABRAH,0.63,1.2
AD-DIRAH,AL-MARGAB,0.64,1.2
AL-WISHAM,UMM-SALEEM,0.67,1.3
AL-AMAL,AL-FUTAH,0.67,1.3
AD-DIRAH,AL-WESITA,0.71,1.4
AL-AOUD,AL-BOTAIHA,0.77,1.5
AL-BOTAIHA,MEEKAL,0.77,1.5
AD-DOBBAT,AL-WIZARAT,0.81,1.6
MANFUHA AL-JADEEDAH,SKIRINAH,0.81,1.6
AL-BOTAIHA,MANFUHA AL-JADEEDAH,0.82,1.6
AD-DIRAH,AL-FUTAH,0.83,1.6
SIYAH,UTAYQAH,0.85,1.7
AS-SALHIYAH,THULAIM,0.88,1.7
JABRAH,MEEKAL,0.89,1.7
AL-MARGAB,AL-WESITA,0.89,1.7
AL-MURABA,AN-NAMUTHAJIYAH,0.9,1.8
AL-WESITA,SKIRINAH,0.9,1.8
AL-WESITA,MEEKAL,0.92,1.8
MANFUHA AL-JADEEDAH,MEEKAL,0.92,1.8
AL-WESITA,JABRAH,0.94,1.8
AL-YAMAMAH,UTAYQAH,0.97,1.9
AL-YAMAMAH,MANFUHA,1.01,2.0
AL-AOUD,GHUBAIRA,1.03,2.0
AD-DOBBAT,AZ-ZAHRAA,1.05,2.0
JABRAH,MANFUHA AL-JADEEDAH,1.07,2.1
AL-BOTAIHA,AL-WESITA,1.07,2.1
OLAISHAH,UMM-SALEEM,1.07,2.1
AL-FAKHIRIYAH,AR-RAFEAH,1.08,2.1
ASH-SHOMAISI,UMM-SALEEM,1.1,2.1
AZ-ZAHRAA,KING ABDUL AZIZ,1.12,2.2
AL-AOUD,AS-SALHIYAH,1.13,2.2
AL-FAKHIRIYAH,AL-WISHAM,1.14,2.2
AL-FUTAH,AL-MARGAB,1.14,2.2
AL-MARGAB,JABRAH,1.15,2.2
AL-WISHAM,OLAISHAH,1.15,2.2
AL-FAKHIRIYAH,OLAISHAH,1.15,2.2
AL-BOTAIHA,GHUBAIRA,1.19,2.3
AL-AOUD,SKIRINAH,1.19,2.3
EAST UMM AL-HAMAM,NORTH AL-MATHAR,1.22,2.4
AL-AOUD,AL-MARGAB,1.22,2.4
AL-MATHAR,AL-MUTAMARAT,1.22,2.4
GHUBAIRA,MANFUHA AL-JADEEDAH,1.23,2.4
AL-AMAL,AL-MARGAB,1.27,2.5
AD-DIRAH,AL-AMAL,1.29,2.5
AL-BADEAH,OLAISHAH,1.29,2.5
GHUBAIRA,JABRAH,1.29,2.5
AL-MUTAMARAT,AN-NAMUTHAJIYAH,1.31,2.6
AL-MARGAB,THULAIM,1.36,2.7
AS-SINAIYAH,THULAIM,1.4,2.7
AL-BOTAIHA,AL-MARGAB,1.4,2.7
AL-AMAL,THULAIM,1.41,2.7
ASH-SHOMAISI,OLAISHAH,1.41,2.7
AL-AOUD,AL-WESITA,1.43,2.8
AL-AOUD,MANFUHA AL-JADEEDAH,1.45,2.8
AD-DIRAH,JABRAH,1.46,2.8
AL-MANSURAH ( KHANSHALILAH ),GHUBAIRA,1.47,2.9
AL-WOROUD,AR-RAHMANIYAH,1.48,2.9
AL-WOROUD,SALAH AD DEEN,1.49,2.9
AL-MARGAB,SKIRINAH,1.5,2.9
AL-AOUD,MEEKAL,1.51,2.9
AS-SALHIYAH,AS-SINAIYAH,1.51,2.9
AL-MARGAB,AS-SALHIYAH,1.52,3.0
AR-RAFEAH,OLAISHAH,1.53,3.0
AL-FUTAH,AL-WESITA,1.53,3.0
AL-JARRADIYAH,MEEKAL,1.55,3.0
AL-NAKHEEL,KING SAUD UNIVERSITY,1.56,3.0
AL-WESITA,ASH-SHOMAISI,1.56,3.0
GHUBAIRA,SKIRINAH,1.58,3.1
AD-DIRAH,SKIRINAH,1.58,3.1
AL-EZDIHAR,AT-TAAWUN,1.59,3.1
AL-FAKHIRIYAH,UMM-SALEEM,1.62,3.2
ASH-SHOMAISI,MEEKAL,1.63,3.2
MANFUHA AL-JADEEDAH,UTAYQAH,1.63,3.2
AD-DIRAH,MEEKAL,1.63,3.2
AL-FAKHIRIYAH,AN-NASIRIYAH,1.64,3.2
AL-MATHAR,ASH-SHARAFIYAH,1.66,3.2
EAST UMM AL-HAMAM,WEST UMM AL HAMAM,1.66,3.2
AD-DIRAH,AL-BOTAIHA,1.66,3.2
AL-MARGAB,MEEKAL,1.67,3.3
AL-OLAYA,NORTH AL-MATHAR,1.68,3.3
AL-YAMAMAH,SIYAH,1.68,3.3
AL-OLAYA,AS-SULAIMANYAH,1.7,3.3
AL-YAMAMAH,MANFUHA AL-JADEEDAH,1.7,3.3
AD-DIRAH,UMM-SALEEM,1.7,3.3
AS-SALHIYAH,JABRAH,1.7,3.3
AL-AOUD,THULAIM,1.7,3.3
AL-WESITA,MANFUHA AL-JADEEDAH,1.7,3.3
AL-JARRADIYAH,UMM-SALEEM,1.7,3.3
AL-NUZHA,AL-WAHAH,1.74,3.4
AD-DIRAH,AL-AOUD,1.74,3.4
AL-WIZARAT,AZ-ZAHRAA,1.75,3.4
AL-WISHAM,ASH-SHOMAISI,1.75,3.4
AL-JARRADIYAH,SIYAH,1.76,3.4
AL-BADEAH,AL-JARRADIYAH,1.77,3.5
MANFUHA,MANFUHA AL-JADEEDAH,1.77,3.5
MEEKAL,UTAYQAH,1.78,3.5
AD-DOBBAT,KING ABDUL AZIZ,1.79,3.5
AL-NUZHA,AT-TAAWUN,1.79,3.5
AS-SALHIYAH,GHUBAIRA,1.79,3.5
AL-JARRADIYAH,OLAISHAH,1.79,3.5
AL-JARRADIYAH,AL-WESITA,1.81,3.5
AL-FUTAH,UMM-SALEEM,1.81,3.5
AL-BADEAH,ASH-SHOMAISI,1.83,3.6
AD-DIRAH,ASH-SHOMAISI,1.83,3.6
AL-NUZHA,MUGHARAZAT,1.84,3.6
AL-HADA,AS-SAFARAT,1.85,3.6
AL-JARRADIYAH,SKIRINAH,1.86,3.6
AL-WESITA,UMM-SALEEM,1.87,3.6
GHUBAIRA,MEEKAL,1.87,3.6
AL-FUTAH,THULAIM,1.87,3.6
AL-BOTAIHA,AS-SALHIYAH,1.88,3.7
AL-JARRADIYAH,UTAYQAH,1.89,3.7
AL-MUROOJ,KING FAHD,1.89,3.7
MANFUHA,UTAYQAH,1.9,3.7
ASH-SHOMAISI,SKIRINAH,1.9,3.7
AL-BADEAH,AR-RAFEAH,1.91,3.7
AL-MATHAR,AN-NASIRIYAH,1.91,3.7
AD-DIRAH,THULAIM,1.91,3.7
AR-RABWAH,JAREER,1.92,3.7
AL-FARUQ,AS-SAFA,1.94,3.8
AL-MASEEF,AT-TAAWUN,1.94,3.8
AL-MUTAMARAT,AN-NASIRIYAH,1.96,3.8
AL-AMAL,AL-WESITA,1.96,3.8
AL-MURSALAT,SALAH AD DEEN,1.97,3.8
AL-FUTAH,AL-WISHAM,1.98,3.9
SKIRINAH,UTAYQAH,1.99,3.9
AL-KHALIDIAH,AS-SALHIYAH,2.0,3.9
AL-MASEEF,AL-MURSALAT,2.0,3.9
AL-MUTAMARAT,ASH-SHARAFIYAH,2.01,3.9
KING FAHD,SALAH AD DEEN,2.02,3.9
AN-NASIRIYAH,AR-RAFEAH,2.02,3.9
AL-KHALIDIAH,AL-MANSURAH ( KHANSHALILAH ),2.03,4.0
AL-AMAL,AL-MURABA,2.05,4.0
AL-MURSALAT,KING FAHD,2.06,4.0
AL-EZDIHAR,MUGHARAZAT,2.07,4.0
AL-MATHAR,EAST UMM AL-HAMAM,2.08,4.1
AL-FAKHIRIYAH,ASH-SHARAFIYAH,2.08,4.1
AL-MANSURAH ( KHANSHALILAH ),MANFUHA,2.09,4.1
JABRAH,THULAIM,2.09,4.1
AL-WISHAM,AR-RAFEAH,2.12,4.1
AD-DIRAH,AL-WISHAM,2.12,4.1
AL-MALAZ,JAREER,2.13,4.2
AL-MURSALAT,AL-NUZHA,2.13,4.2
GHUBAIRA,MANFUHA,2.13,4.2
AR-RAED,WEST UMM AL HAMAM,2.13,4.2
AL-AMAL,AS-SALHIYAH,2.15,4.2
AL-WOROUD,KING FAHD,2.15,4.2
AL-WIZARAT,KING ABDUL AZIZ,2.15,4.2
AD-DIRAH,AS-SALHIYAH,2.16,4.2
AL-KHALIDIAH,AS-SINAIYAH,2.17,4.2
AL-MUHAMMADIYAH,AR-RAHMANIYAH,2.18,4.3
AL-WAHAH,KING ABDULLAH,2.19,4.3
AS-SULAIMANYAH,KING ABDUL AZIZ,2.19,4.3
AL-BADEAH,UMM-SALEEM,2.19,4.3
AL-FUTAH,AL-MURABA,2.19,4.3
AD-DOBBAT,AL-MALAZ,2.2,4.3
AL-WESITA,AS-SALHIYAH,2.2,4.3
AL-MARGAB,MANFUHA AL-JADEEDAH,2.2,4.3
AL-MURABA,AL-MUTAMARAT,2.21,4.3
AL-BADEAH,AL-FAKHIRIYAH,2.21,4.3
AL-FUTAH,JABRAH,2.21,4.3
AL-WESITA,GHUBAIRA,2.22,4.3
AL-KHALIDIAH,GHUBAIRA,2.23,4.3
AL-WESITA,THULAIM,2.23,4.3
AL-WIZARAT,AS-SULAIMANYAH,2.24,4.4
AL-MARGAB,GHUBAIRA,2.24,4.4
AD-DIRAH,AL-JARRADIYAH,2.25,4.4
AL-MUHAMMADIYAH,KING SAUD UNIVERSITY,2.25,4.4
AS-SALHIYAH,SKIRINAH,2.27,4.4
AL-YAMAMAH,MEEKAL,2.27,4.4
AS-SAFA,JAREER,2.28,4.4
AL-JARRADIYAH,MANFUHA AL-JADEEDAH,2.29,4.5
AL-BOTAIHA,UTAYQAH,2.29,4.5
AL-WAHAH,MUGHARAZAT,2.3,4.5
MEEKAL,SIYAH,2.3,4.5
AL-BOTAIHA,AL-JARRADIYAH,2.31,4.5
AR-RAFEAH,ASH-SHARAFIYAH,2.31,4.5
ASH-SHOMAISI,JABRAH,2.31,4.5
AL-MURABA,AL-WIZARAT,2.32,4.5
AL-BOTAIHA,ASH-SHOMAISI,2.32,4.5
AL-JARRADIYAH,AL-WISHAM,2.33,4.5
AL-MASEEF,AL-MUROOJ,2.33,4.5
AL-BOTAIHA,THULAIM,2.33,4.5
AL-MARGAB,UMM-SALEEM,2.34,4.6
AL-MUHAMMADIYAH,KING FAHD,2.34,4.6
AL-MARGAB,ASH-SHOMAISI,2.35,4.6
NORTH AL-MATHAR,WEST UMM AL HAMAM,2.35,4.6
ASH-SHOMAISI,SIYAH,2.36,4.6
AL-FUTAH,ASH-SHOMAISI,2.36,4.6
AL-YAMAMAH,SKIRINAH,2.36,4.6
AL-AOUD,AL-FUTAH,2.36,4.6
AL-JARRADIYAH,JABRAH,2.37,4.6
AD-DIRAH,MANFUHA AL-JADEEDAH,2.38,4.6
AZ-ZAHRAA,JAREER,2.38,4.6
AL-AMAL,AL-AOUD,2.39,4.7
AL-MANSURAH ( KHANSHALILAH ),MANFUHA AL-JADEEDAH,2.39,4.7
MEEKAL,UMM-SALEEM,2.39,4.7
AL-FUTAH,SKIRINAH,2.4,4.7
AR-RABWAH,AS-SAFA,2.4,4.7
MANFUHA AL-JADEEDAH,SIYAH,2.4,4.7
AL-WISHAM,AN-NASIRIYAH,2.41,4.7
AL-AMAL,JABRAH,2.42,4.7
KING ABDULLAH,MUGHARAZAT,2.42,4.7
AL-EZDIHAR,AL-NUZHA,2.43,4.7
ASH-SHOMAISI,UTAYQAH,2.43,4.7
AR-RAFEAH,UMM-SALEEM,2.43,4.7
AL-BOTAIHA,AL-FUTAH,2.44,4.8
AL-BADEAH,AL-WISHAM,2.44,4.8
AL-FUTAH,AS-SALHIYAH,2.44,4.8
AL-WESITA,AL-WISHAM,2.44,4.8
AL-FAKHIRIYAH,ASH-SHOMAISI,2.44,4.8
AL-MATHAR,NORTH AL-MATHAR,2.44,4.8
AL-AOUD,AL-MANSURAH ( KHANSHALILAH ),2.45,4.8
AL-FUTAH,MEEKAL,2.45,4.8
AL-WIZARAT,AN-NAMUTHAJIYAH,2.46,4.8
AL-AMAL,UMM-SALEEM,2.48,4.8
AL-FAISALIYAH,AL-KHALIDIAH,2.49,4.9
ASH-SHOMAISI,MANFUHA AL-JADEEDAH,2.5,4.9
AL-BOTAIHA,AL-YAMAMAH,2.51,4.9
AL-MATHAR,AN-NAMUTHAJIYAH,2.52,4.9
AL-AOUD,AL-KHALIDIAH,2.52,4.9
AL-MALAZ,AL-MURABA,2.52,4.9
JABRAH,UTAYQAH,2.52,4.9
AL-BOTAIHA,MANFUHA,2.54,5.0
AL-MUROOJ,AL-MURSALAT,2.55,5.0
AS-SALHIYAH,MANFUHA AL-JADEEDAH,2.56,5.0
MANFUHA,SKIRINAH,2.57,5.0
GHUBAIRA,THULAIM,2.57,5.0
SIYAH,SKIRINAH,2.57,5.0
AS-SALHIYAH,MEEKAL,2.58,5.0
AL-YAMAMAH,GHUBAIRA,2.58,5.0
SKIRINAH,UMM-SALEEM,2.58,5.0
AL-AMAL,AL-MALAZ,2.58,5.0
AL-AMAL,AL-WISHAM,2.59,5.1
AL-MALAZ,AS-SINAIYAH,2.6,5.1
AL-MALAZ,AL-WIZARAT,2.6,5.1
MANFUHA,MEEKAL,2.61,5.1
SKIRINAH,THULAIM,2.62,5.1
AS-SAFARAT,WEST UMM AL HAMAM,2.62,5.1
AL-BOTAIHA,AL-MANSURAH ( KHANSHALILAH ),2.63,5.1
AL-AOUD,AS-SINAIYAH,2.63,5.1
AL-MALAZ,THULAIM,2.65,5.2
AL-WESITA,UTAYQAH,2.66,5.2
AD-DOBBAT,AS-SULAIMANYAH,2.66,5.2
AL-AMAL,AS-SINAIYAH,2.67,5.2
AL-AMAL,AL-BOTAIHA,2.67,5.2
MANFUHA,SIYAH,2.68,5.2
AL-BADEAH,SIYAH,2.68,5.2
AL-JARRADIYAH,AL-MARGAB,2.68,5.2
AN-NAMUTHAJIYAH,AN-NASIRIYAH,2.68,5.2
AR-RAED,KING SAUD UNIVERSITY,2.69,5.2
AR-RAHMANIYAH,KING FAHD,2.69,5.2
AD-DIRAH,GHUBAIRA,2.7,5.3
AL-MASEEF,AL-NUZHA,2.71,5.3
AL-MALAZ,AZ-ZAHRAA,2.71,5.3
AT-TAAWUN,MUGHARAZAT,2.72,5.3
AD-DIRAH,OLAISHAH,2.72,5.3
AL-MARGAB,AS-SINAIYAH,2.72,5.3
AD-DOBBAT,AL-MURABA,2.74,5.3
AL-AMAL,SKIRINAH,2.74,5.3
AL-KHALIDIAH,THULAIM,2.74,5.3
AD-DOBBAT,JAREER,2.75,5.4
AL-MARGAB,AL-WISHAM,2.75,5.4
AL-MANSURAH ( KHANSHALILAH ),JABRAH,2.75,5.4
AL-WESITA,OLAISHAH,2.75,5.4
AL-MURSALAT,AL-WAHAH,2.76,5.4
AL-WISHAM,AN-NAMUTHAJIYAH,2.76,5.4
AL-YAMAMAH,JABRAH,2.76,5.4
AL-FUTAH,AN-NAMUTHAJIYAH,2.78,5.4
AL-OLAYA,EAST UMM AL-HAMAM,2.78,5.4
AL-AMAL,AN-NAMUTHAJIYAH,2.79,5.4
JABRAH,MANFUHA,2.79,5.4
JABRAH,UMM-SALEEM,2.79,5.4
AN-NASIRIYAH,OLAISHAH,2.79,5.4
AL-JARRADIYAH,AL-YAMAMAH,2.81,5.5
GHUBAIRA,UTAYQAH,2.81,5.5
AL-MURABA,AL-WISHAM,2.82,5.5
AL-MANSURAH ( KHANSHALILAH ),AS-SALHIYAH,2.84,5.5
AL-MURSALAT,AT-TAAWUN,2.85,5.6
AL-WAHAH,SALAH AD DEEN,2.85,5.6
AL-AMAL,MEEKAL,2.86,5.6
AL-FAISALIYAH,AL-FARUQ,2.86,5.6
AL-FUTAH,OLAISHAH,2.87,5.6
AS-SULAIMANYAH,AZ-ZAHRAA,2.87,5.6
MEEKAL,THULAIM,2.87,5.6
AL-FUTAH,AL-JARRADIYAH,2.88,5.6
AL-BOTAIHA,UMM-SALEEM,2.89,5.6
AL-MUHAMMADIYAH,AR-RAED,2.89,5.6
AL-FAKHIRIYAH,AL-JARRADIYAH,2.9,5.7
AL-WISHAM,ASH-SHARAFIYAH,2.9,5.7
AL-AOUD,ASH-SHOMAISI,2.91,5.7
AR-RAHMANIYAH,NORTH AL-MATHAR,2.91,5.7
AL-MATHAR,AL-OLAYA,2.91,5.7
AR-RAFEAH,ASH-SHOMAISI,2.92,5.7
AR-RAHMANIYAH,SALAH AD DEEN,2.92,5.7
AN-NAMUTHAJIYAH,ASH-SHARAFIYAH,2.93,5.7
AL-BOTAIHA,SIYAH,2.95,5.8
AL-AOUD,MANFUHA,2.95,5.8
AL-MANSURAH ( KHANSHALILAH ),SKIRINAH,2.97,5.8
AL-MANSURAH ( KHANSHALILAH ),AL-YAMAMAH,2.98,5.8
AL-AMAL,ASH-SHOMAISI,3.0,5.9
AL-AOUD,AL-JARRADIYAH,3.0,5.9
AL-MUHAMMADIYAH,AL-WOROUD,3.01,5.9
AD-DIRAH,AL-MURABA,3.02,5.9
AR-RAED,AR-RAHMANIYAH,3.03,5.9
MEEKAL,OLAISHAH,3.03,5.9
AL-AOUD,UTAYQAH,3.03,5.9
AL-MUTAMARAT,AL-OLAYA,3.04,5.9
AL-WISHAM,MEEKAL,3.04,5.9
AN-NASIRIYAH,UMM-SALEEM,3.05,5.9
AR-RABWAH,AZ-ZAHRAA,3.06,6.0
AL-WESITA,SIYAH,3.07,6.0
AD-DOBBAT,AN-NAMUTHAJIYAH,3.08,6.0
AL-FAKHIRIYAH,AL-MUTAMARAT,3.08,6.0
AL-FAKHIRIYAH,AL-FUTAH,3.1,6.0
MANFUHA AL-JADEEDAH,THULAIM,3.11,6.1
AL-KHALIDIAH,JABRAH,3.12,6.1
AL-AOUD,AL-YAMAMAH,3.12,6.1
AL-FAKHIRIYAH,AN-NAMUTHAJIYAH,3.13,6.1
AL-MUTAMARAT,AL-WIZARAT,3.14,6.1
JABRAH,SIYAH,3.14,6.1
AS-SINAIYAH,GHUBAIRA,3.16,6.2
AL-MUHAMMADIYAH,AL-MUROOJ,3.16,6.2
AL-BOTAIHA,AL-KHALIDIAH,3.17,6.2
AL-MURABA,UMM-SALEEM,3.18,6.2
AL-MUTAMARAT,AL-WISHAM,3.19,6.2
AL-WESITA,AL-YAMAMAH,3.19,6.2
AL-MUTAMARAT,EAST UMM AL-HAMAM,3.19,6.2
AL-OLAYA,AL-WIZARAT,3.19,6.2
AS-SINAIYAH,JABRAH,3.19,6.2
AL-FUTAH,MANFUHA AL-JADEEDAH,3.19,6.2
AL-WISHAM,SKIRINAH,3.2,6.2
AL-MURSALAT,AL-WOROUD,3.21,6.3
AL-FUTAH,AL-MALAZ,3.21,6.3
AL-MANSURAH ( KHANSHALILAH ),MEEKAL,3.22,6.3
AL-MUTAMARAT,NORTH AL-MATHAR,3.22,6.3
AL-JARRADIYAH,AR-RAFEAH,3.22,6.3
AL-FUTAH,AS-SINAIYAH,3.23,6.3
ASH-SHARAFIYAH,OLAISHAH,3.23,6.3
AD-DIRAH,AL-FAKHIRIYAH,3.24,6.3
AL-OLAYA,AR-RAHMANIYAH,3.25,6.3
AL-MARGAB,AL-MURABA,3.25,6.3
AL-BADEAH,UTAYQAH,3.26,6.4
AL-MASEEF,KING FAHD,3.27,6.4
AL-AOUD,UMM-SALEEM,3.28,6.4
AN-NAMUTHAJIYAH,UMM-SALEEM,3.28,6.4
AL-MURABA,THULAIM,3.28,6.4
AL-OLAYA,AL-WOROUD,3.28,6.4
OLAISHAH,SKIRINAH,3.28,6.4
AD-DIRAH,AS-SINAIYAH,3.3,6.4
ASH-SHARAFIYAH,EAST UMM AL-HAMAM,3.3,6.4
MANFUHA AL-JADEEDAH,UMM-SALEEM,3.31,6.5
AL-BADEAH,MEEKAL,3.31,6.5
AL-YAMAMAH,ASH-SHOMAISI,3.31,6.5
AL-FAISALIYAH,AS-SINAIYAH,3.33,6.5
AL-MALAZ,AN-NAMUTHAJIYAH,3.35,6.5
OLAISHAH,SIYAH,3.35,6.5
AL-MARGAB,OLAISHAH,3.35,6.5
AL-NUZHA,KING ABDULLAH,3.35,6.5
AD-DIRAH,UTAYQAH,3.35,6.5
AL-WISHAM,JABRAH,3.37,6.6
AL-FUTAH,GHUBAIRA,3.37,6.6
AL-NUZHA,SALAH AD DEEN,3.38,6.6
AS-SULAIMANYAH,NORTH AL-MATHAR,3.38,6.6
AL-BOTAIHA,AS-SINAIYAH,3.39,6.6
AL-BADEAH,AL-WESITA,3.39,6.6
AL-MURABA,AN-NASIRIYAH,3.39,6.6
AL-JARRADIYAH,GHUBAIRA,3.4,6.6
JAREER,KING ABDUL AZIZ,3.4,6.6
AL-AMAL,GHUBAIRA,3.42,6.7
AL-MATHAR,AL-MURABA,3.43,6.7
AL-MARGAB,UTAYQAH,3.45,6.7
AL-KHALIDIAH,AL-MARGAB,3.45,6.7
AL-MALAZ,AS-SALHIYAH,3.46,6.7
SIYAH,UMM-SALEEM,3.46,6.7
AL-FAKHIRIYAH,AL-MATHAR,3.46,6.7
AL-KHALIDIAH,MANFUHA AL-JADEEDAH,3.46,6.7
AL-WESITA,MANFUHA,3.46,6.7
AL-AMAL,MANFUHA AL-JADEEDAH,3.47,6.8
AL-FAKHIRIYAH,AL-MURABA,3.48,6.8
ASH-SHOMAISI,GHUBAIRA,3.48,6.8
AL-AMAL,AL-JARRADIYAH,3.49,6.8
AL-BOTAIHA,AL-WISHAM,3.49,6.8
AL-FAKHIRIYAH,AL-WESITA,3.49,6.8
UMM-SALEEM,UTAYQAH,3.51,6.8
AL-WIZARAT,JAREER,3.52,6.9
AL-HADA,WEST UMM AL HAMAM,3.52,6.9
AL-WAHAH,AT-TAAWUN,3.53,6.9
AL-AMAL,OLAISHAH,3.54,6.9
AL-EZDIHAR,AL-MASEEF,3.54,6.9
ASH-SHARAFIYAH,UMM-SALEEM,3.54,6.9
AL-MUHAMMADIYAH,AL-NAKHEEL,3.55,6.9
AL-WESITA,AS-SINAIYAH,3.55,6.9
AD-DIRAH,AN-NAMUTHAJIYAH,3.55,6.9
THULAIM,UMM-SALEEM,3.55,6.9
AL-JARRADIYAH,MANFUHA,3.56,6.9
AR-RAED,EAST UMM AL-HAMAM,3.56,6.9
AD-DIRAH,AL-BADEAH,3.6,7.0
AL-MANSURAH ( KHANSHALILAH ),UTAYQAH,3.6,7.0
GHUBAIRA,SIYAH,3.61,7.0
AR-RAED,AS-SAFARAT,3.61,7.0
AR-RAHMANIYAH,WEST UMM AL HAMAM,3.61,7.0
AR-RABWAH,KING ABDUL AZIZ,3.62,7.1
AL-KHALIDIAH,SKIRINAH,3.62,7.1
AL-MALAZ,AL-MARGAB,3.62,7.1
JABRAH,OLAISHAH,3.62,7.1
AL-BADEAH,SKIRINAH,3.62,7.1
AL-WOROUD,AS-SULAIMANYAH,3.64,7.1
AL-MUROOJ,SALAH AD DEEN,3.65,7.1
OLAISHAH,UTAYQAH,3.66,7.1
AS-SINAIYAH,JAREER,3.66,7.1
AL-BOTAIHA,OLAISHAH,3.67,7.2
AL-WOROUD,NORTH AL-MATHAR,3.67,7.2
AL-MANSURAH ( KHANSHALILAH ),AL-MARGAB,3.67,7.2
AL-MATHAR,WEST UMM AL HAMAM,3.68,7.2
AR-RAED,NORTH AL-MATHAR,3.68,7.2
AL-MANSURAH ( KHANSHALILAH ),AL-WESITA,3.69,7.2
AL-AMAL,AL-FAKHIRIYAH,3.69,7.2
AL-OLAYA,AN-NAMUTHAJIYAH,3.7,7.2
AD-DIRAH,SIYAH,3.7,7.2
ASH-SHOMAISI,THULAIM,3.7,7.2
AL-AOUD,SIYAH,3.71,7.2
AL-MURABA,ASH-SHARAFIYAH,3.71,7.2
AN-NASIRIYAH,EAST UMM AL-HAMAM,3.71,7.2
AL-MURABA,AL-WESITA,3.72,7.3
AL-MANSURAH ( KHANSHALILAH ),THULAIM,3.72,7.3
AL-BADEAH,AN-NASIRIYAH,3.75,7.3
AS-SINAIYAH,SKIRINAH,3.76,7.3
AS-SALHIYAH,ASH-SHOMAISI,3.76,7.3
AS-SAFARAT,EAST UMM AL-HAMAM,3.77,7.4
AL-MURABA,AZ-ZAHRAA,3.78,7.4
AR-RAHMANIYAH,EAST UMM AL-HAMAM,3.78,7.4
AL-MALAZ,KING ABDUL AZIZ,3.79,7.4
AL-MUTAMARAT,AS-SULAIMANYAH,3.8,7.4
AL-AOUD,AL-WISHAM,3.81,7.4
AL-MUTAMARAT,UMM-SALEEM,3.82,7.4
AL-WISHAM,THULAIM,3.83,7.5
AL-MANSURAH ( KHANSHALILAH ),AS-SINAIYAH,3.84,7.5
AD-DIRAH,AL-MALAZ,3.84,7.5
AL-MUTAMARAT,AR-RAFEAH,3.84,7.5
AL-MARGAB,AL-YAMAMAH,3.85,7.5
AL-FUTAH,AL-MUTAMARAT,3.85,7.5
AS-SALHIYAH,UMM-SALEEM,3.86,7.5
AN-NAMUTHAJIYAH,OLAISHAH,3.86,7.5
AL-OLAYA,KING ABDUL AZIZ,3.86,7.5
AD-DOBBAT,AL-OLAYA,3.87,7.5
AL-EZDIHAR,AL-WAHAH,3.87,7.5
AN-NAMUTHAJIYAH,AS-SULAIMANYAH,3.88,7.6
AL-MUHAMMADIYAH,SALAH AD DEEN,3.88,7.6
AL-FAKHIRIYAH,AL-MARGAB,3.88,7.6
AD-DOBBAT,AL-MUTAMARAT,3.9,7.6
AD-DIRAH,AL-YAMAMAH,3.9,7.6
AL-MARGAB,AN-NAMUTHAJIYAH,3.9,7.6
MANFUHA AL-JADEEDAH,OLAISHAH,3.91,7.6
AS-SALHIYAH,MANFUHA,3.91,7.6
AD-DOBBAT,AR-RABWAH,3.91,7.6
AL-MATHAR,AL-WISHAM,3.92,7.6
AL-HADA,EAST UMM AL-HAMAM,3.92,7.6
AL-KHALIDIAH,AL-WESITA,3.93,7.7
AL-MARGAB,MANFUHA,3.93,7.7
AL-MARGAB,SIYAH,3.93,7.7
AL-MATHAR,AR-RAFEAH,3.93,7.7
AL-KHALIDIAH,MEEKAL,3.94,7.7
AL-MALAZ,AS-SAFA,3.94,7.7
AL-MASEEF,SALAH AD DEEN,3.95,7.7
AL-BADEAH,AL-FUTAH,3.95,7.7
AL-MURSALAT,MUGHARAZAT,3.96,7.7
AL-WISHAM,MANFUHA AL-JADEEDAH,3.96,7.7
AL-JARRADIYAH,AS-SALHIYAH,3.97,7.7
AL-FAKHIRIYAH,MEEKAL,3.97,7.7
ASH-SHOMAISI,MANFUHA,3.97,7.7
AL-MURABA,OLAISHAH,3.97,7.7
AL-KHALIDIAH,MANFUHA,3.97,7.7
AL-FUTAH,AN-NASIRIYAH,4.0,7.8
ASH-SHARAFIYAH,NORTH AL-MATHAR,4.0,7.8
AL-AMAL,AL-WIZARAT,4.0,7.8
AL-AMAL,AL-MUTAMARAT,4.0,7.8
AL-MALAZ,AR-RABWAH,4.01,7.8
AN-NASIRIYAH,ASH-SHOMAISI,4.02,7.8
AL-OLAYA,WEST UMM AL HAMAM,4.02,7.8
AL-JARRADIYAH,THULAIM,4.03,7.9
AL-FARUQ,JAREER,4.04,7.9
AL-BADEAH,MANFUHA AL-JADEEDAH,4.04,7.9
AL-MUROOJ,AL-WOROUD,4.04,7.9
AL-BADEAH,AL-BOTAIHA,4.06,7.9
AS-SAFA,AS-SINAIYAH,4.06,7.9
AS-SINAIYAH,MEEKAL,4.06,7.9
AS-SINAIYAH,MANFUHA AL-JADEEDAH,4.06,7.9
GHUBAIRA,UMM-SALEEM,4.07,7.9
AR-RAHMANIYAH,KING SAUD UNIVERSITY,4.07,7.9
AL-WISHAM,SIYAH,4.07,7.9
AL-MUTAMARAT,OLAISHAH,4.08,8.0
AL-MATHAR,AL-WIZARAT,4.08,8.0
AD-DIRAH,AL-KHALIDIAH,4.08,8.0
AD-DOBBAT,AL-AMAL,4.09,8.0
AL-FUTAH,AR-RAFEAH,4.1,8.0
AL-BADEAH,JABRAH,4.1,8.0
AL-AMAL,AL-KHALIDIAH,4.12,8.0
AN-NAMUTHAJIYAH,THULAIM,4.12,8.0
AS-SULAIMANYAH,SALAH AD DEEN,4.12,8.0
AL-FAISALIYAH,AS-SALHIYAH,4.12,8.0
AL-MURABA,AS-SALHIYAH,4.12,8.0
AN-NAMUTHAJIYAH,AR-RAFEAH,4.12,8.0
AL-BADEAH,ASH-SHARAFIYAH,4.13,8.1
AN-NAMUTHAJIYAH,AZ-ZAHRAA,4.13,8.1
AD-DIRAH,AR-RAFEAH,4.13,8.1
AD-DIRAH,MANFUHA,4.14,8.1
AL-NAKHEEL,AR-RAED,4.14,8.1
AL-MASEEF,AL-WAHAH,4.15,8.1
AL-MATHAR,AS-SULAIMANYAH,4.15,8.1
AL-MURABA,ASH-SHOMAISI,4.15,8.1
AL-FUTAH,UTAYQAH,4.16,8.1
AD-DIRAH,AL-MANSURAH ( KHANSHALILAH ),4.16,8.1
AS-SALHIYAH,UTAYQAH,4.16,8.1
AL-BADEAH,AL-MARGAB,4.16,8.1
AL-AOUD,OLAISHAH,4.17,8.1
AL-WISHAM,UTAYQAH,4.17,8.1
AL-FAKHIRIYAH,SKIRINAH,4.18,8.2
AL-NUZHA,KING FAHD,4.18,8.2
AL-MURABA,AS-SULAIMANYAH,4.18,8.2
AL-MURABA,AS-SINAIYAH,4.18,8.2
AL-EZDIHAR,AL-MURSALAT,4.2,8.2
AL-HADA,ASH-SHARAFIYAH,4.21,8.2
AL-FAISALIYAH,AS-SAFA,4.21,8.2
AL-YAMAMAH,AS-SALHIYAH,4.21,8.2
AL-FAISALIYAH,AL-MANSURAH ( KHANSHALILAH ),4.22,8.2
AL-WESITA,AN-NAMUTHAJIYAH,4.22,8.2
AL-BADEAH,AL-YAMAMAH,4.23,8.2
AR-RAHMANIYAH,AS-SULAIMANYAH,4.24,8.3
AL-MUROOJ,AT-TAAWUN,4.24,8.3
AL-WESITA,AR-RAFEAH,4.25,8.3
AL-WISHAM,AS-SALHIYAH,4.26,8.3
AL-WAHAH,AL-WOROUD,4.26,8.3
AL-FARUQ,AS-SINAIYAH,4.28,8.3
AL-FARUQ,AR-RABWAH,4.3,8.4
AL-MURABA,AL-OLAYA,4.32,8.4
AN-NAMUTHAJIYAH,NORTH AL-MATHAR,4.32,8.4
AL-MASEEF,MUGHARAZAT,4.32,8.4
AN-NASIRIYAH,NORTH AL-MATHAR,4.33,8.4
AL-OLAYA,SALAH AD DEEN,4.33,8.4
AL-AOUD,AL-MALAZ,4.34,8.5
AN-NAMUTHAJIYAH,ASH-SHOMAISI,4.34,8.5
AL-YAMAMAH,UMM-SALEEM,4.35,8.5
AL-FUTAH,AL-WIZARAT,4.36,8.5
AL-MURSALAT,AR-RAHMANIYAH,4.36,8.5
JAREER,THULAIM,4.37,8.5
AL-OLAYA,AZ-ZAHRAA,4.38,8.5
AL-MURABA,JABRAH,4.38,8.5
AL-MUHAMMADIYAH,AL-MURSALAT,4.4,8.6
AL-MUROOJ,AR-RAHMANIYAH,4.4,8.6
AL-WAHAH,KING FAHD,4.41,8.6
AD-DIRAH,AN-NASIRIYAH,4.41,8.6
AL-FAKHIRIYAH,JABRAH,4.42,8.6
AL-FUTAH,AL-KHALIDIAH,4.43,8.6
AL-AOUD,AL-MURABA,4.43,8.6
AL-MUROOJ,AL-NUZHA,4.43,8.6
AL-AMAL,AN-NASIRIYAH,4.43,8.6
AL-MURABA,KING ABDUL AZIZ,4.44,8.7
AL-MALAZ,AL-WESITA,4.45,8.7
AL-MANSURAH ( KHANSHALILAH ),SIYAH,4.45,8.7
AL-FUTAH,SIYAH,4.45,8.7
AS-SULAIMANYAH,EAST UMM AL-HAMAM,4.46,8.7
AN-NAMUTHAJIYAH,EAST UMM AL-HAMAM,4.46,8.7
AL-FUTAH,ASH-SHARAFIYAH,4.46,8.7
KING FAHD,KING SAUD UNIVERSITY,4.47,8.7
AL-MURABA,JAREER,4.49,8.8
ASH-SHARAFIYAH,ASH-SHOMAISI,4.49,8.8
AL-EZDIHAR,KING ABDULLAH,4.49,8.8
AL-WOROUD,AR-RAED,4.5,8.8
AL-FAKHIRIYAH,SIYAH,4.5,8.8
AL-BOTAIHA,AL-FAKHIRIYAH,4.51,8.8
AL-JARRADIYAH,AN-NASIRIYAH,4.52,8.8
AL-MURABA,AR-RAFEAH,4.54,8.9
AD-DIRAH,AL-MUTAMARAT,4.54,8.9
AR-RAFEAH,SIYAH,4.54,8.9
AR-RAFEAH,MEEKAL,4.55,8.9
AL-OLAYA,ASH-SHARAFIYAH,4.56,8.9
AL-FAISALIYAH,THULAIM,4.56,8.9
AD-DOBBAT,AL-FUTAH,4.56,8.9
AL-MUHAMMADIYAH,WEST UMM AL HAMAM,4.57,8.9
AS-SAFA,AZ-ZAHRAA,4.58,8.9
AL-MATHAR,OLAISHAH,4.58,8.9
AL-MATHAR,UMM-SALEEM,4.58,8.9
AN-NAMUTHAJIYAH,KING ABDUL AZIZ,4.59,9.0
AL-YAMAMAH,OLAISHAH,4.6,9.0
THULAIM,UTAYQAH,4.6,9.0
AL-MURABA,SKIRINAH,4.6,9.0
OLAISHAH,THULAIM,4.6,9.0
AL-MALAZ,AL-MUTAMARAT,4.6,9.0
AL-WIZARAT,NORTH AL-MATHAR,4.61,9.0
AL-BOTAIHA,AL-MURABA,4.62,9.0
ASH-SHARAFIYAH,WEST UMM AL HAMAM,4.62,9.0
AL-AMAL,UTAYQAH,4.62,9.0
AL-HADA,AL-MATHAR,4.62,9.0
AL-MURABA,MEEKAL,4.63,9.0
AL-AMAL,AL-BADEAH,4.63,9.0
AL-MALAZ,JABRAH,4.64,9.0
MANFUHA,THULAIM,4.64,9.0
AL-MUROOJ,KING SAUD UNIVERSITY,4.64,9.0
AL-AMAL,JAREER,4.65,9.1
AL-HADA,AN-NASIRIYAH,4.65,9.1
AL-WISHAM,GHUBAIRA,4.66,9.1
AT-TAAWUN,SALAH AD DEEN,4.66,9.1
AL-JARRADIYAH,AL-MANSURAH ( KHANSHALILAH ),4.67,9.1
AD-DOBBAT,THULAIM,4.68,9.1
AL-KHALIDIAH,AL-YAMAMAH,4.68,9.1
AL-WIZARAT,AR-RABWAH,4.71,9.2
AL-AOUD,AL-BADEAH,4.71,9.2
AL-FAISALIYAH,GHUBAIRA,4.72,9.2
AL-AMAL,AR-RAFEAH,4.72,9.2
AL-FUTAH,AL-YAMAMAH,4.73,9.2
AL-OLAYA,AN-NASIRIYAH,4.74,9.2
AL-JARRADIYAH,AL-MURABA,4.75,9.3
AT-TAAWUN,KING FAHD,4.75,9.3
AL-WOROUD,EAST UMM AL-HAMAM,4.77,9.3
AL-MARGAB,AR-RAFEAH,4.77,9.3
AL-KHALIDIAH,AL-MALAZ,4.77,9.3
AL-AMAL,AL-MANSURAH ( KHANSHALILAH ),4.78,9.3
AL-FAKHIRIYAH,UTAYQAH,4.79,9.3
AR-RAFEAH,SKIRINAH,4.8,9.4
AD-DOBBAT,AS-SINAIYAH,4.8,9.4
AL-MALAZ,AS-SULAIMANYAH,4.8,9.4
AL-WIZARAT,THULAIM,4.81,9.4
AL-FUTAH,AL-MANSURAH ( KHANSHALILAH ),4.81,9.4
AL-YAMAMAH,THULAIM,4.81,9.4
AL-MUHAMMADIYAH,NORTH AL-MATHAR,4.81,9.4
AL-FARUQ,AL-KHALIDIAH,4.81,9.4
KING SAUD UNIVERSITY,WEST UMM AL HAMAM,4.82,9.4
AS-SAFARAT,NORTH AL-MATHAR,4.82,9.4
AL-WESITA,AN-NASIRIYAH,4.83,9.4
AL-MUTAMARAT,WEST UMM AL HAMAM,4.83,9.4
AS-SALHIYAH,SIYAH,4.83,9.4
AL-MALAZ,AL-WISHAM,4.84,9.4
GHUBAIRA,OLAISHAH,4.85,9.5
AL-MANSURAH ( KHANSHALILAH ),ASH-SHOMAISI,4.85,9.5
AL-NUZHA,AL-WOROUD,4.86,9.5
AS-SALHIYAH,OLAISHAH,4.86,9.5
AL-AMAL,ASH-SHARAFIYAH,4.87,9.5
KING ABDULLAH,SALAH AD DEEN,4.88,9.5
AD-DOBBAT,AL-MATHAR,4.88,9.5
AL-FAKHIRIYAH,MANFUHA AL-JADEEDAH,4.88,9.5
AL-AOUD,AL-FAKHIRIYAH,4.89,9.5
AT-TAAWUN,KING ABDULLAH,4.89,9.5
AL-MUTAMARAT,AZ-ZAHRAA,4.89,9.5
MUGHARAZAT,SALAH AD DEEN,4.9,9.6
AD-DIRAH,ASH-SHARAFIYAH,4.9,9.6
AL-BOTAIHA,AL-MALAZ,4.9,9.6
AL-MURSALAT,KING ABDULLAH,4.91,9.6
AL-MUTAMARAT,ASH-SHOMAISI,4.92,9.6
AN-NAMUTHAJIYAH,AS-SALHIYAH,4.92,9.6
AL-MALAZ,UMM-SALEEM,4.92,9.6
AL-AOUD,AL-FAISALIYAH,4.93,9.6
MANFUHA,UMM-SALEEM,4.93,9.6
AS-SINAIYAH,UMM-SALEEM,4.94,9.6
AL-FUTAH,AL-MATHAR,4.94,9.6
AL-WOROUD,WEST UMM AL HAMAM,4.95,9.7
AL-JARRADIYAH,AN-NAMUTHAJIYAH,4.95,9.7
AL-FUTAH,MANFUHA,4.95,9.7
AL-FAKHIRIYAH,THULAIM,4.96,9.7
AL-AMAL,AZ-ZAHRAA,4.96,9.7
AN-NAMUTHAJIYAH,JABRAH,4.98,9.7
AL-JARRADIYAH,ASH-SHARAFIYAH,4.98,9.7
AL-WIZARAT,AN-NASIRIYAH,4.99,9.7
AL-AMAL,SIYAH,4.99,9.7
AL-MARGAB,AL-MUTAMARAT,4.99,9.7
AS-SALHIYAH,JAREER,4.99,9.7
AR-RAED,KING FAHD,4.99,9.7
AL-MARGAB,AN-NASIRIYAH,5.01,9.8
AR-RAFEAH,UTAYQAH,5.01,9.8
AL-WISHAM,AL-YAMAMAH,5.02,9.8
AD-DOBBAT,AS-SAFA,5.03,9.8
AL-MASEEF,AL-WOROUD,5.03,9.8
AL-KHALIDIAH,UTAYQAH,5.03,9.8
NORTH AL-MATHAR,SALAH AD DEEN,5.05,9.8
AL-OLAYA,AR-RAED,5.07,9.9
AS-SINAIYAH,ASH-SHOMAISI,5.07,9.9
AN-NASIRIYAH,WEST UMM AL HAMAM,5.08,9.9
AN-NAMUTHAJIYAH,AS-SINAIYAH,5.08,9.9
AL-AMAL,AL-YAMAMAH,5.09,9.9
AL-WISHAM,AL-WIZARAT,5.09,9.9
AL-MUTAMARAT,KING ABDUL AZIZ,5.09,9.9
AL-MALAZ,SKIRINAH,5.1,9.9
AN-NAMUTHAJIYAH,MEEKAL,5.1,9.9
AL-AOUD,AN-NAMUTHAJIYAH,5.11,10.0
AL-MUROOJ,AL-NAKHEEL,5.12,10.0
AL-BADEAH,MANFUHA,5.12,10.0
AN-NAMUTHAJIYAH,SKIRINAH,5.12,10.0
AL-MURABA,NORTH AL-MATHAR,5.12,10.0
AL-HADA,NORTH AL-MATHAR,5.13,10.0
AL-WIZARAT,ASH-SHARAFIYAH,5.13,10.0
KING ABDUL AZIZ,KING ABDULLAH,5.13,10.0
AL-HADA,AR-RAED,5.14,10.0
AL-BADEAH,AN-NAMUTHAJIYAH,5.14,10.0
AR-RAFEAH,JABRAH,5.14,10.0
AL-WIZARAT,AS-SINAIYAH,5.14,10.0
AL-MUTAMARAT,AL-WESITA,5.15,10.0
AL-AMAL,AL-MATHAR,5.15,10.0
AL-BADEAH,GHUBAIRA,5.17,10.1
SIYAH,THULAIM,5.17,10.1
AD-DIRAH,AL-WIZARAT,5.18,10.1
AL-BOTAIHA,AR-RAFEAH,5.19,10.1
AL-WOROUD,KING SAUD UNIVERSITY,5.19,10.1
AN-NAMUTHAJIYAH,JAREER,5.2,10.1
AL-AMAL,MANFUHA,5.2,10.1
AL-BOTAIHA,AN-NAMUTHAJIYAH,5.2,10.1
AL-WISHAM,AS-SINAIYAH,5.2,10.1
AL-MATHAR,AS-SAFARAT,5.21,10.2
AL-WAHAH,KING ABDUL AZIZ,5.21,10.2
AL-FARUQ,AL-MALAZ,5.21,10.2
AL-MALAZ,GHUBAIRA,5.22,10.2
AS-SULAIMANYAH,JAREER,5.22,10.2
AS-SINAIYAH,AZ-ZAHRAA,5.22,10.2
AL-BADEAH,AL-MURABA,5.25,10.2
AL-WAHAH,AS-SULAIMANYAH,5.26,10.3
AL-MARGAB,AL-WIZARAT,5.26,10.3
AS-SAFA,THULAIM,5.27,10.3
KING ABDUL AZIZ,SALAH AD DEEN,5.27,10.3
AL-HADA,AR-RAFEAH,5.28,10.3
AL-BADEAH,AL-MUTAMARAT,5.28,10.3
AL-MALAZ,MEEKAL,5.29,10.3
AL-MASEEF,AL-MUHAMMADIYAH,5.29,10.3
AS-SINAIYAH,MANFUHA,5.29,10.3
AL-FUTAH,JAREER,5.31,10.4
AL-MUROOJ,AL-WAHAH,5.31,10.4
AL-WOROUD,KING ABDUL AZIZ,5.32,10.4
AL-WESITA,ASH-SHARAFIYAH,5.32,10.4
AL-WIZARAT,EAST UMM AL-HAMAM,5.33,10.4
AD-DOBBAT,AL-MARGAB,5.34,10.4
AL-MURABA,EAST UMM AL-HAMAM,5.34,10.4
MANFUHA,OLAISHAH,5.34,10.4
AL-MATHAR,AR-RAHMANIYAH,5.34,10.4
AD-DIRAH,AD-DOBBAT,5.35,10.4
AL-FAKHIRIYAH,EAST UMM AL-HAMAM,5.35,10.4
AZ-ZAHRAA,THULAIM,5.35,10.4
AL-JARRADIYAH,AS-SINAIYAH,5.36,10.5
AS-SAFARAT,ASH-SHARAFIYAH,5.36,10.5
AL-MUTAMARAT,THULAIM,5.37,10.5
AD-DOBBAT,NORTH AL-MATHAR,5.37,10.5
AL-MURABA,MANFUHA AL-JADEEDAH,5.38,10.5
AL-MUHAMMADIYAH,EAST UMM AL-HAMAM,5.38,10.5
AL-FAKHIRIYAH,AS-SALHIYAH,5.39,10.5
AL-KHALIDIAH,AS-SAFA,5.4,10.5
AL-OLAYA,KING FAHD,5.41,10.5
AR-RAFEAH,MANFUHA AL-JADEEDAH,5.42,10.6
AL-MUHAMMADIYAH,AL-OLAYA,5.42,10.6
AL-KHALIDIAH,ASH-SHOMAISI,5.43,10.6
AR-RABWAH,AS-SINAIYAH,5.43,10.6
AN-NASIRIYAH,MEEKAL,5.44,10.6
AL-FAISALIYAH,JAREER,5.45,10.6
AL-MURABA,GHUBAIRA,5.46,10.6
AL-NAKHEEL,KING FAHD,5.48,10.7
AL-FUTAH,AZ-ZAHRAA,5.48,10.7
AL-JARRADIYAH,AL-KHALIDIAH,5.48,10.7
AS-SAFA,KING ABDUL AZIZ,5.48,10.7
AL-WIZARAT,UMM-SALEEM,5.49,10.7
AL-MARGAB,ASH-SHARAFIYAH,5.49,10.7
AL-BADEAH,THULAIM,5.5,10.7
AL-JARRADIYAH,AL-MUTAMARAT,5.51,10.7
AL-MANSURAH ( KHANSHALILAH ),UMM-SALEEM,5.52,10.8
AL-FAISALIYAH,AL-MALAZ,5.53,10.8
KING FAHD,NORTH AL-MATHAR,5.53,10.8
KING ABDUL AZIZ,NORTH AL-MATHAR,5.54,10.8
AD-DOBBAT,AS-SALHIYAH,5.54,10.8
AL-FAISALIYAH,JABRAH,5.55,10.8
AL-MARGAB,JAREER,5.56,10.8
AL-NAKHEEL,AR-RAHMANIYAH,5.56,10.8
AD-DOBBAT,AL-WISHAM,5.56,10.8
AS-SAFA,AS-SALHIYAH,5.56,10.8
AL-MALAZ,ASH-SHOMAISI,5.57,10.9
AR-RAFEAH,EAST UMM AL-HAMAM,5.57,10.9
AD-DIRAH,AL-MATHAR,5.57,10.9
AL-BADEAH,AS-SALHIYAH,5.59,10.9
AL-FAKHIRIYAH,AL-WIZARAT,5.59,10.9
AL-WISHAM,MANFUHA,5.6,10.9
AN-NASIRIYAH,SKIRINAH,5.61,10.9
AL-BOTAIHA,AL-FAISALIYAH,5.62,11.0
AL-BADEAH,AL-MATHAR,5.64,11.0
AL-MATHAR,AR-RAED,5.64,11.0
AL-FAISALIYAH,AL-MARGAB,5.64,11.0
AL-MATHAR,ASH-SHOMAISI,5.65,11.0
AL-KHALIDIAH,JAREER,5.66,11.0
AL-FARUQ,AS-SALHIYAH,5.66,11.0
AS-SINAIYAH,UTAYQAH,5.66,11.0
AL-FARUQ,THULAIM,5.67,11.1
AS-SULAIMANYAH,ASH-SHARAFIYAH,5.67,11.1
AL-AOUD,AR-RAFEAH,5.67,11.1
AL-YAMAMAH,AS-SINAIYAH,5.68,11.1
AL-WIZARAT,AS-SALHIYAH,5.69,11.1
AL-FAKHIRIYAH,GHUBAIRA,5.7,11.1
AD-DOBBAT,AN-NASIRIYAH,5.7,11.1
AS-SULAIMANYAH,WEST UMM AL HAMAM,5.71,11.1
AL-FAKHIRIYAH,AL-YAMAMAH,5.71,11.1
AL-MALAZ,MANFUHA AL-JADEEDAH,5.71,11.1
AS-SULAIMANYAH,KING FAHD,5.72,11.2
AL-MALAZ,AL-OLAYA,5.73,11.2
AN-NASIRIYAH,AS-SULAIMANYAH,5.73,11.2
AL-HADA,AL-MUTAMARAT,5.73,11.2
AL-WAHAH,AR-RAHMANIYAH,5.73,11.2
AL-KHALIDIAH,UMM-SALEEM,5.74,11.2
AL-FAKHIRIYAH,AL-MALAZ,5.76,11.2
AN-NASIRIYAH,JABRAH,5.76,11.2
AL-EZDIHAR,SALAH AD DEEN,5.77,11.3
AR-RABWAH,AS-SULAIMANYAH,5.79,11.3
AL-WIZARAT,AS-SAFA,5.79,11.3
AL-MALAZ,AL-MATHAR,5.79,11.3
AL-MATHAR,AZ-ZAHRAA,5.8,11.3
AL-FAKHIRIYAH,AL-HADA,5.82,11.3
AL-MATHAR,KING ABDUL AZIZ,5.82,11.3
AL-EZDIHAR,AL-MUROOJ,5.83,11.4
AN-NASIRIYAH,THULAIM,5.83,11.4
AN-NASIRIYAH,AS-SAFARAT,5.84,11.4
AL-KHALIDIAH,SIYAH,5.84,11.4
AL-WIZARAT,AL-WOROUD,5.86,11.4
AS-SAFARAT,KING SAUD UNIVERSITY,5.86,11.4
AD-DOBBAT,ASH-SHARAFIYAH,5.87,11.4
AR-RAED,SALAH AD DEEN,5.88,11.5
AD-DIRAH,JAREER,5.88,11.5
AL-WESITA,AL-WIZARAT,5.89,11.5
AD-DOBBAT,UMM-SALEEM,5.89,11.5
AL-BOTAIHA,AN-NASIRIYAH,5.89,11.5
AL-AMAL,KING ABDUL AZIZ,5.89,11.5
AL-FAKHIRIYAH,NORTH AL-MATHAR,5.9,11.5
AL-MALAZ,AN-NASIRIYAH,5.91,11.5
AN-NAMUTHAJIYAH,MANFUHA AL-JADEEDAH,5.92,11.5
AR-RAFEAH,THULAIM,5.93,11.6
AL-MASEEF,AR-RAHMANIYAH,5.93,11.6
ASH-SHARAFIYAH,MEEKAL,5.93,11.6
AL-MALAZ,OLAISHAH,5.93,11.6
AL-MATHAR,AL-WOROUD,5.93,11.6
AL-WISHAM,EAST UMM AL-HAMAM,5.95,11.6
AL-FAISALIYAH,MANFUHA AL-JADEEDAH,5.95,11.6
AL-AMAL,AL-FAISALIYAH,5.95,11.6
AL-YAMAMAH,AR-RAFEAH,5.97,11.6
AL-MUTAMARAT,MEEKAL,5.97,11.6
AL-MUTAMARAT,AR-RAHMANIYAH,5.98,11.7
KING FAHD,MUGHARAZAT,5.98,11.7
AZ-ZAHRAA,NORTH AL-MATHAR,5.99,11.7
AS-SINAIYAH,OLAISHAH,6.0,11.7
AL-MUTAMARAT,JABRAH,6.0,11.7
AL-KHALIDIAH,AL-MURABA,6.01,11.7
KING SAUD UNIVERSITY,NORTH AL-MATHAR,6.01,11.7
AL-MURSALAT,AS-SULAIMANYAH,6.03,11.8
AS-SULAIMANYAH,KING ABDULLAH,6.03,11.8
AL-WOROUD,AT-TAAWUN,6.03,11.8
AZ-ZAHRAA,KING ABDULLAH,6.04,11.8
AL-AOUD,JAREER,6.04,11.8
AL-MUTAMARAT,SKIRINAH,6.04,11.8
AD-DOBBAT,AL-WESITA,6.04,11.8
AL-MUROOJ,AR-RAED,6.05,11.8
AL-MASEEF,KING ABDULLAH,6.05,11.8
AL-MARGAB,AL-MATHAR,6.06,11.8
AL-AMAL,AS-SAFA,6.06,11.8
AL-FAISALIYAH,SKIRINAH,6.07,11.8
AL-JARRADIYAH,AL-MALAZ,6.07,11.8
AR-RAHMANIYAH,AS-SAFARAT,6.09,11.9
AL-FAKHIRIYAH,AL-OLAYA,6.1,11.9
AL-AMAL,AS-SULAIMANYAH,6.1,11.9
ASH-SHARAFIYAH,SKIRINAH,6.1,11.9
AN-NAMUTHAJIYAH,WEST UMM AL HAMAM,6.11,11.9
AL-MATHAR,AL-WESITA,6.12,11.9
AL-MANSURAH ( KHANSHALILAH ),AL-WISHAM,6.12,11.9
KING SAUD UNIVERSITY,SALAH AD DEEN,6.13,12.0
AN-NASIRIYAH,SIYAH,6.13,12.0
AD-DOBBAT,EAST UMM AL-HAMAM,6.13,12.0
AL-MUTAMARAT,AS-SALHIYAH,6.14,12.0
AN-NAMUTHAJIYAH,GHUBAIRA,6.14,12.0
AL-WOROUD,KING ABDULLAH,6.15,12.0
AL-AOUD,AN-NASIRIYAH,6.15,12.0
EAST UMM AL-HAMAM,KING SAUD UNIVERSITY,6.16,12.0
AL-MARGAB,AZ-ZAHRAA,6.16,12.0
AD-DOBBAT,AL-FAKHIRIYAH,6.16,12.0
AR-RABWAH,KING ABDULLAH,6.17,12.0
AS-SALHIYAH,AZ-ZAHRAA,6.17,12.0
KING FAHD,WEST UMM AL HAMAM,6.18,12.1
AL-MURABA,AR-RABWAH,6.2,12.1
AL-BOTAIHA,AL-MUTAMARAT,6.2,12.1
AL-EZDIHAR,KING FAHD,6.2,12.1
AL-OLAYA,AL-WISHAM,6.2,12.1
AL-KHALIDIAH,AL-WISHAM,6.2,12.1
EAST UMM AL-HAMAM,SALAH AD DEEN,6.2,12.1
AL-AOUD,AL-MUTAMARAT,6.21,12.1
AL-JARRADIYAH,AL-MATHAR,6.21,12.1
AL-NUZHA,AR-RAHMANIYAH,6.21,12.1
AL-WIZARAT,OLAISHAH,6.23,12.1
AR-RAHMANIYAH,KING ABDUL AZIZ,6.23,12.1
AL-MALAZ,ASH-SHARAFIYAH,6.23,12.1
AL-OLAYA,AL-WAHAH,6.24,12.2
AL-MALAZ,AL-MANSURAH ( KHANSHALILAH ),6.24,12.2
AL-MANSURAH ( KHANSHALILAH ),OLAISHAH,6.24,12.2
AD-DIRAH,AZ-ZAHRAA,6.24,12.2
AL-MUROOJ,MUGHARAZAT,6.25,12.2
ASH-SHARAFIYAH,JABRAH,6.25,12.2
AL-NAKHEEL,WEST UMM AL HAMAM,6.26,12.2
AR-RABWAH,THULAIM,6.27,12.2
AL-FAISALIYAH,AL-WESITA,6.27,12.2
ASH-SHARAFIYAH,THULAIM,6.28,12.2
AD-DOBBAT,AL-AOUD,6.28,12.2
AD-DIRAH,AL-FAISALIYAH,6.28,12.2
AL-MURABA,UTAYQAH,6.28,12.2
AR-RAFEAH,AS-SALHIYAH,6.29,12.3
AL-MURSALAT,AL-OLAYA,6.29,12.3
AD-DOBBAT,AL-WOROUD,6.29,12.3
AL-MUTAMARAT,AL-WOROUD,6.3,12.3
AL-FAISALIYAH,MANFUHA,6.3,12.3
AL-WAHAH,AZ-ZAHRAA,6.3,12.3
AL-WIZARAT,AR-RAHMANIYAH,6.3,12.3
AL-WOROUD,AZ-ZAHRAA,6.3,12.3
AL-AOUD,AL-WIZARAT,6.31,12.3
AL-WISHAM,NORTH AL-MATHAR,6.31,12.3
AR-RAFEAH,NORTH AL-MATHAR,6.31,12.3
AL-FAKHIRIYAH,AS-SINAIYAH,6.32,12.3
AL-MUTAMARAT,JAREER,6.32,12.3
AL-WIZARAT,SALAH AD DEEN,6.33,12.3
AS-SINAIYAH,SIYAH,6.33,12.3
AS-SINAIYAH,KING ABDUL AZIZ,6.33,12.3
AL-FUTAH,KING ABDUL AZIZ,6.35,12.4
AZ-ZAHRAA,SALAH AD DEEN,6.36,12.4
AN-NASIRIYAH,MANFUHA AL-JADEEDAH,6.36,12.4
AL-AMAL,AL-OLAYA,6.36,12.4
AL-FUTAH,AS-SULAIMANYAH,6.36,12.4
AR-RAFEAH,GHUBAIRA,6.37,12.4
AL-MUHAMMADIYAH,AS-SULAIMANYAH,6.37,12.4
AL-WOROUD,MUGHARAZAT,6.38,12.4
AL-MUTAMARAT,AS-SINAIYAH,6.38,12.4
AL-BOTAIHA,ASH-SHARAFIYAH,6.38,12.4
KING ABDUL AZIZ,THULAIM,6.4,12.5
AL-FAISALIYAH,MEEKAL,6.4,12.5
AL-FARUQ,AZ-ZAHRAA,6.41,12.5
AN-NASIRIYAH,UTAYQAH,6.41,12.5
AL-FAKHIRIYAH,MANFUHA,6.41,12.5
AL-WIZARAT,JABRAH,6.41,12.5
AL-MUTAMARAT,AS-SAFARAT,6.42,12.5
AL-BADEAH,AL-MANSURAH ( KHANSHALILAH ),6.43,12.5
AL-FAISALIYAH,AL-FUTAH,6.43,12.5
AN-NASIRIYAH,AS-SALHIYAH,6.43,12.5
AL-WESITA,JAREER,6.43,12.5
SALAH AD DEEN,WEST UMM AL HAMAM,6.44,12.6
AL-FUTAH,AL-OLAYA,6.45,12.6
AL-MURABA,AS-SAFA,6.46,12.6
AL-WIZARAT,ASH-SHOMAISI,6.46,12.6
AD-DOBBAT,JABRAH,6.46,12.6
JABRAH,JAREER,6.46,12.6
AL-MURABA,SIYAH,6.46,12.6
AL-MURSALAT,KING SAUD UNIVERSITY,6.47,12.6
EAST UMM AL-HAMAM,KING FAHD,6.47,12.6
EAST UMM AL-HAMAM,OLAISHAH,6.49,12.7
AL-OLAYA,AS-SAFARAT,6.49,12.7
AL-MUHAMMADIYAH,AS-SAFARAT,6.5,12.7
AL-FAISALIYAH,AR-RABWAH,6.51,12.7
AL-MUHAMMADIYAH,AL-NUZHA,6.52,12.7
AL-MATHAR,THULAIM,6.54,12.8
EAST UMM AL-HAMAM,KING ABDUL AZIZ,6.55,12.8
AL-AMAL,AR-RABWAH,6.56,12.8
AL-NAKHEEL,AL-WOROUD,6.56,12.8
ASH-SHARAFIYAH,SIYAH,6.57,12.8
KING ABDULLAH,KING FAHD,6.58,12.8
AR-RAED,AS-SULAIMANYAH,6.58,12.8
AL-WIZARAT,AR-RAFEAH,6.58,12.8
AD-DOBBAT,SALAH AD DEEN,6.59,12.9
AL-WISHAM,AZ-ZAHRAA,6.59,12.9
AL-OLAYA,JAREER,6.6,12.9
EAST UMM AL-HAMAM,UMM-SALEEM,6.62,12.9
AL-MUHAMMADIYAH,AL-WAHAH,6.62,12.9
AL-MARGAB,AS-SAFA,6.62,12.9
AL-WISHAM,AS-SULAIMANYAH,6.63,12.9
AL-AOUD,ASH-SHARAFIYAH,6.63,12.9
AN-NAMUTHAJIYAH,UTAYQAH,6.63,12.9
AL-HADA,AL-OLAYA,6.66,13.0
AL-BOTAIHA,AL-WIZARAT,6.66,13.0
AL-KHALIDIAH,OLAISHAH,6.68,13.0
AL-AOUD,AS-SAFA,6.69,13.0
AL-MUTAMARAT,AR-RAED,6.7,13.1
AL-FAKHIRIYAH,WEST UMM AL HAMAM,6.7,13.1
AN-NAMUTHAJIYAH,SIYAH,6.7,13.1
AL-BOTAIHA,JAREER,6.7,13.1
AD-DOBBAT,OLAISHAH,6.71,13.1
AD-DOBBAT,AL-BOTAIHA,6.72,13.1
AD-DOBBAT,AL-FARUQ,6.72,13.1
AL-WIZARAT,SKIRINAH,6.72,13.1
AR-RAFEAH,WEST UMM AL HAMAM,6.73,13.1
AN-NASIRIYAH,AZ-ZAHRAA,6.73,13.1
AR-RAED,ASH-SHARAFIYAH,6.73,13.1
AL-NUZHA,AS-SULAIMANYAH,6.73,13.1
AL-AOUD,AL-FARUQ,6.73,13.1
AL-FUTAH,AS-SAFA,6.73,13.1
AL-OLAYA,AR-RAFEAH,6.75,13.2
GHUBAIRA,JAREER,6.76,13.2
AL-HADA,OLAISHAH,6.76,13.2
AL-AMAL,AL-FARUQ,6.78,13.2
AR-RAFEAH,MANFUHA,6.78,13.2
AD-DOBBAT,ASH-SHOMAISI,6.79,13.2
AN-NAMUTHAJIYAH,AR-RABWAH,6.8,13.3
AL-FARUQ,AL-MANSURAH ( KHANSHALILAH ),6.8,13.3
AL-WIZARAT,MEEKAL,6.81,13.3
AL-OLAYA,UMM-SALEEM,6.81,13.3
AL-FAKHIRIYAH,AS-SULAIMANYAH,6.81,13.3
AL-MANSURAH ( KHANSHALILAH ),AL-MURABA,6.82,13.3
AR-RABWAH,AS-SALHIYAH,6.83,13.3
AD-DOBBAT,SKIRINAH,6.83,13.3
AL-MALAZ,AR-RAFEAH,6.84,13.3
AL-KHALIDIAH,AN-NAMUTHAJIYAH,6.85,13.4
AL-MUTAMARAT,MANFUHA AL-JADEEDAH,6.85,13.4
ASH-SHARAFIYAH,MANFUHA AL-JADEEDAH,6.85,13.4
AD-DOBBAT,AR-RAHMANIYAH,6.86,13.4
AN-NAMUTHAJIYAH,AR-RAHMANIYAH,6.87,13.4
AZ-ZAHRAA,EAST UMM AL-HAMAM,6.87,13.4
ASH-SHARAFIYAH,UTAYQAH,6.87,13.4
AR-RAFEAH,AS-SAFARAT,6.87,13.4
AL-MATHAR,MEEKAL,6.88,13.4
AL-BADEAH,AS-SINAIYAH,6.88,13.4
AL-MURSALAT,NORTH AL-MATHAR,6.88,13.4
AL-HADA,AL-WISHAM,6.88,13.4
AL-WIZARAT,WEST UMM AL HAMAM,6.89,13.4
AL-FARUQ,GHUBAIRA,6.89,13.4
ASH-SHARAFIYAH,AZ-ZAHRAA,6.89,13.4
AL-MURSALAT,KING ABDUL AZIZ,6.9,13.5
AZ-ZAHRAA,UMM-SALEEM,6.9,13.5
AR-RAHMANIYAH,ASH-SHARAFIYAH,6.9,13.5
AS-SALHIYAH,ASH-SHARAFIYAH,6.9,13.5
AL-MURABA,AL-YAMAMAH,6.91,13.5
AL-WESITA,AZ-ZAHRAA,6.92,13.5
AD-DOBBAT,KING ABDULLAH,6.92,13.5
AL-NUZHA,KING ABDUL AZIZ,6.92,13.5
AL-NAKHEEL,AS-SAFARAT,6.93,13.5
AD-DOBBAT,AL-WAHAH,6.94,13.5
AL-HADA,AN-NAMUTHAJIYAH,6.94,13.5
AD-DOBBAT,MEEKAL,6.95,13.6
AL-MASEEF,KING SAUD UNIVERSITY,6.96,13.6
AL-WOROUD,AN-NAMUTHAJIYAH,6.96,13.6
AL-WISHAM,JAREER,6.96,13.6
JAREER,SKIRINAH,6.97,13.6
AD-DOBBAT,AL-KHALIDIAH,6.97,13.6
NORTH AL-MATHAR,UMM-SALEEM,6.97,13.6
AL-MUHAMMADIYAH,AT-TAAWUN,6.98,13.6
AL-MALAZ,NORTH AL-MATHAR,6.99,13.6
AL-MURSALAT,AR-RAED,6.99,13.6
AL-MATHAR,SKIRINAH,6.99,13.6
AL-MURABA,WEST UMM AL HAMAM,7.0,13.6
AL-FARUQ,AL-MARGAB,7.0,13.6
AL-AOUD,AZ-ZAHRAA,7.01,13.7
AL-FUTAH,EAST UMM AL-HAMAM,7.01,13.7
AL-MATHAR,JABRAH,7.01,13.7
NORTH AL-MATHAR,OLAISHAH,7.02,13.7
AL-WAHAH,AL-WIZARAT,7.02,13.7
AS-SULAIMANYAH,THULAIM,7.02,13.7
AN-NASIRIYAH,KING ABDUL AZIZ,7.03,13.7
AN-NASIRIYAH,GHUBAIRA,7.05,13.7
AL-BADEAH,AL-HADA,7.05,13.7
JAREER,UMM-SALEEM,7.05,13.7
AL-FUTAH,NORTH AL-MATHAR,7.05,13.7
AL-JARRADIYAH,AL-WIZARAT,7.06,13.8
AL-OLAYA,KING SAUD UNIVERSITY,7.06,13.8
AL-MALAZ,UTAYQAH,7.07,13.8
AN-NASIRIYAH,AS-SINAIYAH,7.08,13.8
AR-RAHMANIYAH,AZ-ZAHRAA,7.09,13.8
AD-DIRAH,AS-SAFA,7.09,13.8
AL-FAISALIYAH,AL-YAMAMAH,7.1,13.8
ASH-SHARAFIYAH,KING ABDUL AZIZ,7.1,13.8
AL-BADEAH,AL-MALAZ,7.11,13.9
AL-AMAL,NORTH AL-MATHAR,7.11,13.9
AL-OLAYA,OLAISHAH,7.12,13.9
AL-MARGAB,KING ABDUL AZIZ,7.12,13.9
AL-HADA,AR-RAHMANIYAH,7.12,13.9
AS-SAFA,GHUBAIRA,7.13,13.9
AL-MURABA,MANFUHA,7.14,13.9
AL-FAKHIRIYAH,AL-MANSURAH ( KHANSHALILAH ),7.14,13.9
AD-DIRAH,KING ABDUL AZIZ,7.14,13.9
KING ABDUL AZIZ,MUGHARAZAT,7.15,13.9
AL-MATHAR,SALAH AD DEEN,7.16,14.0
AS-SULAIMANYAH,UMM-SALEEM,7.16,14.0
KING ABDUL AZIZ,KING FAHD,7.18,14.0
AD-DIRAH,AS-SULAIMANYAH,7.18,14.0
AN-NASIRIYAH,AR-RAED,7.18,14.0
AL-BOTAIHA,AL-MATHAR,7.19,14.0
AD-DOBBAT,AR-RAFEAH,7.19,14.0
AL-AMAL,EAST UMM AL-HAMAM,7.19,14.0
JAREER,MEEKAL,7.2,14.0
AR-RAHMANIYAH,AT-TAAWUN,7.21,14.1
AL-FAKHIRIYAH,AZ-ZAHRAA,7.21,14.1
AL-FUTAH,AR-RABWAH,7.21,14.1
AL-MUTAMARAT,GHUBAIRA,7.22,14.1
AL-BADEAH,AL-KHALIDIAH,7.22,14.1
AN-NASIRIYAH,AR-RAHMANIYAH,7.23,14.1
AS-SALHIYAH,KING ABDUL AZIZ,7.23,14.1
AL-EZDIHAR,AL-WOROUD,7.23,14.1
AL-WIZARAT,KING ABDULLAH,7.23,14.1
AL-MATHAR,AL-MUHAMMADIYAH,7.23,14.1
AS-SAFA,JABRAH,7.24,14.1
AD-DIRAH,AL-OLAYA,7.24,14.1
AL-FAKHIRIYAH,AS-SAFARAT,7.24,14.1
AL-WISHAM,KING ABDUL AZIZ,7.24,14.1
AD-DOBBAT,GHUBAIRA,7.24,14.1
AL-KHALIDIAH,AR-RABWAH,7.25,14.1
AZ-ZAHRAA,JABRAH,7.26,14.2
AL-MUTAMARAT,SIYAH,7.26,14.2
AN-NAMUTHAJIYAH,AS-SAFA,7.26,14.2
AL-KHALIDIAH,AL-WIZARAT,7.27,14.2
AL-AOUD,AL-MATHAR,7.28,14.2
AL-MATHAR,AS-SALHIYAH,7.29,14.2
AL-MALAZ,MANFUHA,7.29,14.2
AL-MUROOJ,AL-OLAYA,7.29,14.2
AL-MUROOJ,NORTH AL-MATHAR,7.3,14.2
AL-WIZARAT,GHUBAIRA,7.3,14.2
AR-RAFEAH,AS-SINAIYAH,7.31,14.3
AL-YAMAMAH,AN-NASIRIYAH,7.32,14.3
AL-FAKHIRIYAH,AL-KHALIDIAH,7.32,14.3
AL-MUTAMARAT,UTAYQAH,7.33,14.3
AL-MURSALAT,AL-NAKHEEL,7.33,14.3
AL-NAKHEEL,SALAH AD DEEN,7.33,14.3
AL-FARUQ,JABRAH,7.34,14.3
AL-YAMAMAH,AN-NAMUTHAJIYAH,7.34,14.3
AL-MARGAB,AS-SULAIMANYAH,7.36,14.4
AS-SINAIYAH,AS-SULAIMANYAH,7.37,14.4
AD-DOBBAT,AL-JARRADIYAH,7.37,14.4
AL-MUTAMARAT,SALAH AD DEEN,7.37,14.4
AL-FARUQ,KING ABDUL AZIZ,7.37,14.4
AL-WAHAH,AR-RABWAH,7.39,14.4
AL-KHALIDIAH,AZ-ZAHRAA,7.39,14.4
AL-OLAYA,AR-RABWAH,7.39,14.4
AL-OLAYA,KING ABDULLAH,7.4,14.4
AL-MALAZ,AL-YAMAMAH,7.4,14.4
AL-FARUQ,AL-FUTAH,7.41,14.4
AL-WAHAH,NORTH AL-MATHAR,7.41,14.4
JAREER,KING ABDULLAH,7.42,14.5
AL-MASEEF,AL-NAKHEEL,7.42,14.5
AL-BADEAH,EAST UMM AL-HAMAM,7.42,14.5
AL-WISHAM,WEST UMM AL HAMAM,7.43,14.5
AL-FARUQ,AL-WIZARAT,7.43,14.5
AL-MANSURAH ( KHANSHALILAH ),AS-SAFA,7.43,14.5
AL-MATHAR,JAREER,7.43,14.5
AL-HADA,UMM-SALEEM,7.44,14.5
AL-BOTAIHA,AS-SAFA,7.44,14.5
AL-NUZHA,AL-OLAYA,7.45,14.5
AS-SAFA,AS-SULAIMANYAH,7.45,14.5
AL-MUROOJ,KING ABDULLAH,7.46,14.5
AL-WIZARAT,MANFUHA AL-JADEEDAH,7.46,14.5
JAREER,MANFUHA AL-JADEEDAH,7.48,14.6
AL-MARGAB,AR-RABWAH,7.48,14.6
AL-MANSURAH ( KHANSHALILAH ),JAREER,7.49,14.6
AL-WESITA,AS-SAFA,7.49,14.6
AL-MALAZ,EAST UMM AL-HAMAM,7.49,14.6
AL-MURABA,AL-WOROUD,7.5,14.6
AL-BOTAIHA,AL-FARUQ,7.5,14.6
AS-SULAIMANYAH,MUGHARAZAT,7.5,14.6
AL-FAISALIYAH,AL-MURABA,7.5,14.6
AL-WOROUD,AS-SAFARAT,7.5,14.6
AS-SINAIYAH,ASH-SHARAFIYAH,7.51,14.6
AL-FAISALIYAH,UTAYQAH,7.51,14.6
AL-BOTAIHA,AZ-ZAHRAA,7.51,14.6
AL-MALAZ,SIYAH,7.52,14.7
AL-OLAYA,THULAIM,7.52,14.7
AL-BADEAH,AL-WIZARAT,7.52,14.7
ASH-SHARAFIYAH,GHUBAIRA,7.53,14.7
AD-DOBBAT,MANFUHA AL-JADEEDAH,7.53,14.7
AL-MURABA,AR-RAHMANIYAH,7.55,14.7
AL-MANSURAH ( KHANSHALILAH ),AN-NAMUTHAJIYAH,7.55,14.7
AL-MARGAB,AL-OLAYA,7.56,14.7
AL-WOROUD,ASH-SHARAFIYAH,7.57,14.8
AL-NAKHEEL,NORTH AL-MATHAR,7.57,14.8
AD-DIRAH,AL-FARUQ,7.58,14.8
AD-DOBBAT,AL-FAISALIYAH,7.59,14.8
AL-MUROOJ,AS-SULAIMANYAH,7.59,14.8
AL-MATHAR,AS-SINAIYAH,7.59,14.8
AL-HADA,KING SAUD UNIVERSITY,7.6,14.8
AL-MUROOJ,WEST UMM AL HAMAM,7.62,14.9
AR-RAHMANIYAH,KING ABDULLAH,7.62,14.9
KING ABDUL AZIZ,UMM-SALEEM,7.62,14.9
AR-RAFEAH,AS-SULAIMANYAH,7.63,14.9
AD-DIRAH,EAST UMM AL-HAMAM,7.65,14.9
ASH-SHOMAISI,EAST UMM AL-HAMAM,7.66,14.9
AZ-ZAHRAA,SKIRINAH,7.66,14.9
ASH-SHOMAISI,JAREER,7.66,14.9
AL-FARUQ,AL-MURABA,7.67,15.0
AL-NAKHEEL,EAST UMM AL-HAMAM,7.67,15.0
AD-DOBBAT,WEST UMM AL HAMAM,7.67,15.0
AL-FAISALIYAH,AZ-ZAHRAA,7.67,15.0
AN-NAMUTHAJIYAH,MANFUHA,7.68,15.0
AS-SULAIMANYAH,OLAISHAH,7.69,15.0
AN-NAMUTHAJIYAH,AS-SAFARAT,7.72,15.1
AL-FAKHIRIYAH,KING ABDUL AZIZ,7.73,15.1
AZ-ZAHRAA,OLAISHAH,7.74,15.1
AD-DIRAH,NORTH AL-MATHAR,7.76,15.1
AL-MANSURAH ( KHANSHALILAH ),AR-RAFEAH,7.77,15.2
ASH-SHOMAISI,AZ-ZAHRAA,7.77,15.2
AL-MUTAMARAT,AR-RABWAH,7.78,15.2
AL-MATHAR,MANFUHA AL-JADEEDAH,7.78,15.2
AL-YAMAMAH,ASH-SHARAFIYAH,7.79,15.2
AD-DIRAH,AR-RABWAH,7.8,15.2
AL-HADA,AL-MURABA,7.8,15.2
AZ-ZAHRAA,MEEKAL,7.81,15.2
AR-RAHMANIYAH,MUGHARAZAT,7.81,15.2
AS-SAFA,SKIRINAH,7.81,15.2
AL-FAISALIYAH,ASH-SHOMAISI,7.81,15.2
AL-FARUQ,AL-WESITA,7.82,15.2
AL-WESITA,KING ABDUL AZIZ,7.83,15.3
AN-NAMUTHAJIYAH,SALAH AD DEEN,7.84,15.3
OLAISHAH,WEST UMM AL HAMAM,7.84,15.3
AL-WOROUD,AN-NASIRIYAH,7.84,15.3
AN-NASIRIYAH,JAREER,7.86,15.3
AL-FAKHIRIYAH,JAREER,7.86,15.3
KING ABDUL AZIZ,WEST UMM AL HAMAM,7.88,15.4
AL-WESITA,AS-SULAIMANYAH,7.89,15.4
AL-MATHAR,SIYAH,7.9,15.4
AS-SALHIYAH,AS-SULAIMANYAH,7.9,15.4
AL-MATHAR,KING FAHD,7.91,15.4
AN-NAMUTHAJIYAH,AR-RAED,7.91,15.4
AL-OLAYA,ASH-SHOMAISI,7.91,15.4
AL-AOUD,AR-RABWAH,7.91,15.4
AL-FARUQ,SKIRINAH,7.92,15.4
AL-OLAYA,AL-WESITA,7.92,15.4
AZ-ZAHRAA,GHUBAIRA,7.92,15.4
AL-FAISALIYAH,AL-JARRADIYAH,7.92,15.4
AL-HADA,AL-MUHAMMADIYAH,7.94,15.5
AL-WIZARAT,KING FAHD,7.96,15.5
AL-MURSALAT,WEST UMM AL HAMAM,7.97,15.5
AL-MURSALAT,EAST UMM AL-HAMAM,7.97,15.5
AN-NASIRIYAH,MANFUHA,7.97,15.5
AL-FAISALIYAH,UMM-SALEEM,7.97,15.5
AD-DOBBAT,AL-BADEAH,7.99,15.6
AL-MUHAMMADIYAH,AL-MUTAMARAT,8.01,15.6
AL-MURSALAT,AZ-ZAHRAA,8.01,15.6
AL-NUZHA,AZ-ZAHRAA,8.02,15.6
AL-FARUQ,MANFUHA AL-JADEEDAH,8.03,15.7
AL-MASEEF,AS-SULAIMANYAH,8.04,15.7
AL-AOUD,KING ABDUL AZIZ,8.04,15.7
ASH-SHOMAISI,NORTH AL-MATHAR,8.06,15.7
JAREER,OLAISHAH,8.06,15.7
AL-BADEAH,NORTH AL-MATHAR,8.07,15.7
AL-MATHAR,UTAYQAH,8.08,15.8
UMM-SALEEM,WEST UMM AL HAMAM,8.09,15.8
AS-SAFA,MEEKAL,8.09,15.8
AL-KHALIDIAH,AL-MUTAMARAT,8.1,15.8
AS-SAFA,MANFUHA AL-JADEEDAH,8.11,15.8
AL-FAISALIYAH,AL-WIZARAT,8.12,15.8
JAREER,NORTH AL-MATHAR,8.12,15.8
AL-JARRADIYAH,JAREER,8.13,15.9
AL-MUTAMARAT,AL-YAMAMAH,8.13,15.9
AL-MARGAB,EAST UMM AL-HAMAM,8.14,15.9
AL-MASEEF,AR-RAED,8.14,15.9
ASH-SHARAFIYAH,JAREER,8.14,15.9
AL-MUROOJ,EAST UMM AL-HAMAM,8.15,15.9
AL-OLAYA,AS-SINAIYAH,8.15,15.9
AL-HADA,ASH-SHOMAISI,8.16,15.9
AZ-ZAHRAA,MUGHARAZAT,8.16,15.9
AL-KHALIDIAH,AR-RAFEAH,8.16,15.9
AL-MARGAB,NORTH AL-MATHAR,8.18,16.0
AS-SAFARAT,AS-SULAIMANYAH,8.19,16.0
AL-MURSALAT,AL-WIZARAT,8.19,16.0
AL-WAHAH,JAREER,8.2,16.0
AL-WESITA,EAST UMM AL-HAMAM,8.2,16.0
AL-JARRADIYAH,EAST UMM AL-HAMAM,8.2,16.0
AS-SULAIMANYAH,ASH-SHOMAISI,8.21,16.0
AL-MATHAR,KING SAUD UNIVERSITY,8.21,16.0
AL-WIZARAT,AR-RAED,8.22,16.0
AL-WISHAM,AS-SAFARAT,8.22,16.0
AL-MASEEF,AL-OLAYA,8.23,16.0
AL-FARUQ,MEEKAL,8.23,16.0
AZ-ZAHRAA,KING FAHD,8.23,16.0
AR-RAFEAH,AZ-ZAHRAA,8.24,16.1
JABRAH,KING ABDUL AZIZ,8.24,16.1
AL-MATHAR,GHUBAIRA,8.26,16.1
AL-MURABA,SALAH AD DEEN,8.26,16.1
AL-MUHAMMADIYAH,KING ABDUL AZIZ,8.27,16.1
AS-SULAIMANYAH,KING SAUD UNIVERSITY,8.27,16.1
AS-SAFARAT,OLAISHAH,8.27,16.1
AL-HADA,AS-SULAIMANYAH,8.29,16.2
AL-BADEAH,AL-OLAYA,8.31,16.2
AL-MUHAMMADIYAH,MUGHARAZAT,8.31,16.2
AZ-ZAHRAA,WEST UMM AL HAMAM,8.33,16.2
AZ-ZAHRAA,MANFUHA AL-JADEEDAH,8.33,16.2
AL-JARRADIYAH,AZ-ZAHRAA,8.33,16.2
AL-FAISALIYAH,SIYAH,8.33,16.2
AD-DOBBAT,KING FAHD,8.33,16.2
AL-FAISALIYAH,AL-WISHAM,8.34,16.3
AR-RABWAH,JABRAH,8.35,16.3
AL-WESITA,AR-RABWAH,8.35,16.3
AD-DOBBAT,AL-MURSALAT,8.37,16.3
AD-DOBBAT,AL-MANSURAH ( KHANSHALILAH ),8.37,16.3
KING ABDUL AZIZ,OLAISHAH,8.38,16.3
AL-WESITA,NORTH AL-MATHAR,8.38,16.3
AL-FAISALIYAH,AN-NAMUTHAJIYAH,8.39,16.4
AS-SULAIMANYAH,AT-TAAWUN,8.39,16.4
AL-OLAYA,AS-SALHIYAH,8.39,16.4
AL-MUTAMARAT,KING FAHD,8.39,16.4
AL-NUZHA,NORTH AL-MATHAR,8.39,16.4
AL-HADA,AL-WOROUD,8.4,16.4
NORTH AL-MATHAR,THULAIM,8.41,16.4
AL-KHALIDIAH,AN-NASIRIYAH,8.42,16.4
AL-MALAZ,AL-WOROUD,8.43,16.4
ASH-SHARAFIYAH,MANFUHA,8.45,16.5
AL-AOUD,AS-SULAIMANYAH,8.46,16.5
AL-MUTAMARAT,AS-SAFA,8.46,16.5
AL-MUHAMMADIYAH,AL-WIZARAT,8.47,16.5
AR-RABWAH,SALAH AD DEEN,8.47,16.5
AS-SAFARAT,KING FAHD,8.48,16.5
AL-BOTAIHA,KING ABDUL AZIZ,8.49,16.6
AL-EZDIHAR,AL-MUHAMMADIYAH,8.49,16.6
AL-KHALIDIAH,KING ABDUL AZIZ,8.5,16.6
AL-HADA,AL-JARRADIYAH,8.5,16.6
AS-SULAIMANYAH,JABRAH,8.51,16.6
AL-MANSURAH ( KHANSHALILAH ),AN-NASIRIYAH,8.51,16.6
AL-EZDIHAR,AR-RAHMANIYAH,8.52,16.6
AL-WIZARAT,UTAYQAH,8.52,16.6
AL-JARRADIYAH,AL-OLAYA,8.52,16.6
AL-MANSURAH ( KHANSHALILAH ),AL-WIZARAT,8.52,16.6
AS-SAFA,UMM-SALEEM,8.54,16.7
AL-OLAYA,MUGHARAZAT,8.54,16.7
AL-FARUQ,AN-NAMUTHAJIYAH,8.54,16.7
ASH-SHOMAISI,KING ABDUL AZIZ,8.55,16.7
AS-SAFA,KING ABDULLAH,8.56,16.7
EAST UMM AL-HAMAM,THULAIM,8.56,16.7
AR-RABWAH,MUGHARAZAT,8.58,16.7
AR-RABWAH,GHUBAIRA,8.58,16.7
AL-WISHAM,AS-SAFA,8.59,16.8
AL-MUTAMARAT,MANFUHA,8.59,16.8
AL-BOTAIHA,AR-RABWAH,8.59,16.8
AL-NUZHA,KING SAUD UNIVERSITY,8.6,16.8
AL-NAKHEEL,AL-OLAYA,8.61,16.8
KING ABDUL AZIZ,SKIRINAH,8.62,16.8
AL-FUTAH,WEST UMM AL HAMAM,8.62,16.8
AD-DOBBAT,AL-NUZHA,8.62,16.8
AL-MURABA,AS-SAFARAT,8.62,16.8
AL-WAHAH,EAST UMM AL-HAMAM,8.62,16.8
AL-NUZHA,AL-WIZARAT,8.63,16.8
AL-JARRADIYAH,NORTH AL-MATHAR,8.63,16.8
AL-FUTAH,AL-HADA,8.64,16.8
AL-BADEAH,WEST UMM AL HAMAM,8.64,16.8
JAREER,SALAH AD DEEN,8.66,16.9
AL-MANSURAH ( KHANSHALILAH ),AL-MUTAMARAT,8.66,16.9
AL-MASEEF,NORTH AL-MATHAR,8.66,16.9
AL-MUHAMMADIYAH,ASH-SHARAFIYAH,8.67,16.9
AL-OLAYA,JABRAH,8.67,16.9
AL-WOROUD,JAREER,8.68,16.9
AL-HADA,AL-WIZARAT,8.68,16.9
AL-MALAZ,KING ABDULLAH,8.69,16.9
AR-RAFEAH,KING ABDUL AZIZ,8.7,17.0
AT-TAAWUN,KING ABDUL AZIZ,8.7,17.0
AD-DOBBAT,UTAYQAH,8.7,17.0
AL-BADEAH,AS-SAFARAT,8.71,17.0
AL-WAHAH,AR-RAED,8.72,17.0
AL-MUHAMMADIYAH,KING ABDULLAH,8.73,17.0
KING ABDUL AZIZ,MEEKAL,8.74,17.0
AL-HADA,AL-NAKHEEL,8.74,17.0
AL-AOUD,AL-OLAYA,8.75,17.1
AL-BOTAIHA,AS-SULAIMANYAH,8.75,17.1
AL-WIZARAT,SIYAH,8.75,17.1
AR-RAED,KING ABDUL AZIZ,8.75,17.1
AS-SULAIMANYAH,SKIRINAH,8.76,17.1
AL-MURABA,AR-RAED,8.76,17.1
AL-FAISALIYAH,KING ABDUL AZIZ,8.77,17.1
AL-FARUQ,MANFUHA,8.78,17.1
AL-MALAZ,SALAH AD DEEN,8.78,17.1
AL-MATHAR,AR-RABWAH,8.79,17.1
AL-FAKHIRIYAH,AR-RAHMANIYAH,8.8,17.2
AL-OLAYA,MEEKAL,8.8,17.2
AL-WISHAM,AR-RABWAH,8.8,17.2
AS-SULAIMANYAH,MEEKAL,8.81,17.2
AL-OLAYA,SKIRINAH,8.81,17.2
AT-TAAWUN,KING SAUD UNIVERSITY,8.81,17.2
AL-FAKHIRIYAH,AR-RAED,8.81,17.2
AL-WOROUD,AR-RABWAH,8.81,17.2
AL-JARRADIYAH,AS-SULAIMANYAH,8.82,17.2
ASH-SHARAFIYAH,SALAH AD DEEN,8.82,17.2
KING ABDULLAH,NORTH AL-MATHAR,8.82,17.2
AL-AMAL,WEST UMM AL HAMAM,8.82,17.2
AL-WAHAH,KING SAUD UNIVERSITY,8.83,17.2
AS-SAFARAT,UMM-SALEEM,8.83,17.2
AL-MASEEF,KING ABDUL AZIZ,8.84,17.2
EAST UMM AL-HAMAM,JAREER,8.85,17.3
AR-RAED,AR-RAFEAH,8.86,17.3
AL-OLAYA,AS-SAFA,8.87,17.3
AR-RABWAH,SKIRINAH,8.88,17.3
AL-MALAZ,AR-RAHMANIYAH,8.89,17.3
AL-BOTAIHA,AL-OLAYA,8.89,17.3
JAREER,MANFUHA,8.89,17.3
AL-KHALIDIAH,ASH-SHARAFIYAH,8.89,17.3
AS-SAFA,ASH-SHOMAISI,8.92,17.4
AL-MUROOJ,KING ABDUL AZIZ,8.92,17.4
AR-RABWAH,UMM-SALEEM,8.93,17.4
AD-DOBBAT,MUGHARAZAT,8.93,17.4
AD-DOBBAT,AR-RAED,8.93,17.4
AR-RAFEAH,JAREER,8.94,17.4
AL-MATHAR,AL-YAMAMAH,8.94,17.4
AL-BADEAH,AS-SULAIMANYAH,8.95,17.5
AL-OLAYA,AT-TAAWUN,8.95,17.5
AL-MANSURAH ( KHANSHALILAH ),AZ-ZAHRAA,8.95,17.5
EAST UMM AL-HAMAM,MEEKAL,8.95,17.5
JAREER,UTAYQAH,8.96,17.5
GHUBAIRA,KING ABDUL AZIZ,8.97,17.5
AL-FAISALIYAH,OLAISHAH,8.97,17.5
AS-SAFARAT,SALAH AD DEEN,8.98,17.5
AL-MUHAMMADIYAH,AN-NAMUTHAJIYAH,8.99,17.5
AD-DIRAH,AL-HADA,8.99,17.5
AL-MANSURAH ( KHANSHALILAH ),ASH-SHARAFIYAH,9.0,17.6
AD-DOBBAT,SIYAH,9.01,17.6
AL-MALAZ,AL-WAHAH,9.01,17.6
AD-DOBBAT,AL-MUHAMMADIYAH,9.02,17.6
AL-BADEAH,AZ-ZAHRAA,9.02,17.6
AL-NUZHA,AR-RAED,9.02,17.6
AL-MUTAMARAT,AL-WAHAH,9.02,17.6
AR-RABWAH,NORTH AL-MATHAR,9.03,17.6
AL-EZDIHAR,KING ABDUL AZIZ,9.03,17.6
AL-WIZARAT,AS-SAFARAT,9.04,17.6
AN-NASIRIYAH,SALAH AD DEEN,9.05,17.6
AL-MUHAMMADIYAH,AN-NASIRIYAH,9.05,17.6
EAST UMM AL-HAMAM,SKIRINAH,9.06,17.7
AL-WIZARAT,AL-YAMAMAH,9.07,17.7
AL-NUZHA,AR-RABWAH,9.08,17.7
AL-AMAL,AL-HADA,9.08,17.7
AL-EZDIHAR,AS-SULAIMANYAH,9.09,17.7
EAST UMM AL-HAMAM,JABRAH,9.09,17.7
ASH-SHOMAISI,WEST UMM AL HAMAM,9.09,17.7
AL-MATHAR,AL-MURSALAT,9.09,17.7
AN-NAMUTHAJIYAH,KING FAHD,9.1,17.7
AL-WAHAH,AN-NAMUTHAJIYAH,9.11,17.8
AL-WIZARAT,MUGHARAZAT,9.11,17.8
AR-RABWAH,MEEKAL,9.11,17.8
AL-MALAZ,WEST UMM AL HAMAM,9.13,17.8
AL-WAHAH,WEST UMM AL HAMAM,9.13,17.8
AL-JARRADIYAH,KING ABDUL AZIZ,9.14,17.8
AL-MATHAR,AL-WAHAH,9.14,17.8
AL-WISHAM,AR-RAHMANIYAH,9.15,17.8
AL-YAMAMAH,JAREER,9.16,17.9
AD-DOBBAT,AL-YAMAMAH,9.18,17.9
AL-MANSURAH ( KHANSHALILAH ),AR-RABWAH,9.18,17.9
AL-FARUQ,UMM-SALEEM,9.19,17.9
AL-MUTAMARAT,KING SAUD UNIVERSITY,9.19,17.9
AL-MUHAMMADIYAH,AZ-ZAHRAA,9.19,17.9
AL-WIZARAT,MANFUHA,9.19,17.9
MEEKAL,NORTH AL-MATHAR,9.19,17.9
AS-SAFA,MANFUHA,9.2,17.9
AD-DOBBAT,MANFUHA,9.21,18.0
AR-RAFEAH,AR-RAHMANIYAH,9.21,18.0
JABRAH,NORTH AL-MATHAR,9.22,18.0
AS-SINAIYAH,NORTH AL-MATHAR,9.23,18.0
AS-SALHIYAH,NORTH AL-MATHAR,9.23,18.0
AD-DIRAH,WEST UMM AL HAMAM,9.23,18.0
AL-BADEAH,JAREER,9.23,18.0
AL-FARUQ,AS-SULAIMANYAH,9.26,18.1
NORTH AL-MATHAR,SKIRINAH,9.27,18.1
AL-BOTAIHA,EAST UMM AL-HAMAM,9.27,18.1
AL-KHALIDIAH,AL-MATHAR,9.27,18.1
AL-MURABA,AL-WAHAH,9.27,18.1
AL-JARRADIYAH,AS-SAFA,9.29,18.1
AL-FAKHIRIYAH,AL-WOROUD,9.3,18.1
AL-HADA,AL-WESITA,9.3,18.1
KING ABDUL AZIZ,MANFUHA AL-JADEEDAH,9.31,18.2
AS-SALHIYAH,EAST UMM AL-HAMAM,9.33,18.2
AL-MURSALAT,AL-MUTAMARAT,9.33,18.2
AL-FARUQ,ASH-SHOMAISI,9.35,18.2
AL-NAKHEEL,AT-TAAWUN,9.35,18.2
AR-RABWAH,MANFUHA AL-JADEEDAH,9.36,18.3
AL-AOUD,EAST UMM AL-HAMAM,9.36,18.3
AL-FARUQ,AL-WISHAM,9.37,18.3
ASH-SHARAFIYAH,KING SAUD UNIVERSITY,9.39,18.3
AL-AOUD,NORTH AL-MATHAR,9.4,18.3
AL-NAKHEEL,AL-NUZHA,9.41,18.3
AR-RAED,AZ-ZAHRAA,9.41,18.3
AL-BOTAIHA,NORTH AL-MATHAR,9.42,18.4
AR-RAHMANIYAH,JAREER,9.45,18.4
AL-MASEEF,WEST UMM AL HAMAM,9.45,18.4
AL-FARUQ,AL-YAMAMAH,9.45,18.4
AS-SULAIMANYAH,GHUBAIRA,9.47,18.5
AN-NASIRIYAH,AR-RABWAH,9.48,18.5
AL-FAISALIYAH,AL-FAKHIRIYAH,9.48,18.5
AL-WISHAM,AL-WOROUD,9.48,18.5
AL-MATHAR,MANFUHA,9.48,18.5
AD-DOBBAT,AL-HADA,9.49,18.5
AL-WISHAM,AR-RAED,9.49,18.5
JAREER,SIYAH,9.49,18.5
AL-KHALIDIAH,AS-SULAIMANYAH,9.51,18.5
AS-SINAIYAH,EAST UMM AL-HAMAM,9.52,18.6
ASH-SHARAFIYAH,KING FAHD,9.52,18.6
AL-AMAL,AL-WOROUD,9.53,18.6
AS-SULAIMANYAH,MANFUHA AL-JADEEDAH,9.53,18.6
AL-MURABA,KING ABDULLAH,9.55,18.6
AL-NUZHA,EAST UMM AL-HAMAM,9.56,18.6
AR-RABWAH,ASH-SHOMAISI,9.57,18.7
AZ-ZAHRAA,UTAYQAH,9.58,18.7
AS-SAFA,OLAISHAH,9.59,18.7
AN-NAMUTHAJIYAH,KING ABDULLAH,9.59,18.7
AL-AMAL,AR-RAHMANIYAH,9.6,18.7
AL-FAKHIRIYAH,AS-SAFA,9.6,18.7
AL-HADA,AL-MARGAB,9.6,18.7
AL-JARRADIYAH,WEST UMM AL HAMAM,9.6,18.7
AL-MATHAR,AS-SAFA,9.61,18.7
AL-FARUQ,AL-JARRADIYAH,9.62,18.8
AL-OLAYA,MANFUHA AL-JADEEDAH,9.62,18.8
AL-BADEAH,AL-FAISALIYAH,9.63,18.8
AL-FAKHIRIYAH,AR-RABWAH,9.64,18.8
AL-MURABA,KING FAHD,9.65,18.8
AL-FUTAH,AR-RAHMANIYAH,9.65,18.8
AL-FARUQ,UTAYQAH,9.66,18.8
AL-MUROOJ,AS-SAFARAT,9.66,18.8
AS-SAFARAT,ASH-SHOMAISI,9.66,18.8
AL-BADEAH,KING ABDUL AZIZ,9.67,18.9
AL-MASEEF,EAST UMM AL-HAMAM,9.68,18.9
AL-FUTAH,AL-WOROUD,9.68,18.9
MUGHARAZAT,NORTH AL-MATHAR,9.69,18.9
AT-TAAWUN,NORTH AL-MATHAR,9.69,18.9
AL-HADA,KING FAHD,9.7,18.9
AL-MUHAMMADIYAH,AL-MURABA,9.7,18.9
AR-RABWAH,ASH-SHARAFIYAH,9.7,18.9
AL-FAISALIYAH,AL-MUTAMARAT,9.7,18.9
AL-YAMAMAH,AS-SAFA,9.7,18.9
AL-MATHAR,AL-MUROOJ,9.72,19.0
AL-MANSURAH ( KHANSHALILAH ),AL-MATHAR,9.72,19.0
AS-SAFA,UTAYQAH,9.72,19.0
AR-RAED,AT-TAAWUN,9.73,19.0
AL-HADA,SIYAH,9.73,19.0
AL-MARGAB,WEST UMM AL HAMAM,9.74,19.0
AL-MATHAR,AL-NAKHEEL,9.74,19.0
AL-MURSALAT,AR-RABWAH,9.74,19.0
JAREER,MUGHARAZAT,9.75,19.0
AL-WESITA,WEST UMM AL HAMAM,9.75,19.0
AL-HADA,MEEKAL,9.76,19.0
AL-WAHAH,AS-SAFA,9.76,19.0
AL-OLAYA,GHUBAIRA,9.77,19.1
AL-NAKHEEL,AS-SULAIMANYAH,9.79,19.1
AL-MUTAMARAT,KING ABDULLAH,9.79,19.1
AL-MURSALAT,AN-NAMUTHAJIYAH,9.79,19.1
AR-RAHMANIYAH,UMM-SALEEM,9.79,19.1
AL-NUZHA,WEST UMM AL HAMAM,9.79,19.1
AL-FUTAH,AS-SAFARAT,9.8,19.1
AT-TAAWUN,AZ-ZAHRAA,9.8,19.1
AL-FARUQ,AL-MUTAMARAT,9.81,19.1
AN-NASIRIYAH,KING FAHD,9.82,19.1
AR-RABWAH,AR-RAHMANIYAH,9.83,19.2
AL-MUROOJ,AL-WIZARAT,9.83,19.2
EAST UMM AL-HAMAM,SIYAH,9.84,19.2
AN-NASIRIYAH,KING SAUD UNIVERSITY,9.84,19.2
AD-DOBBAT,AS-SAFARAT,9.85,19.2
EAST UMM AL-HAMAM,MANFUHA AL-JADEEDAH,9.85,19.2
AN-NASIRIYAH,AS-SAFA,9.85,19.2
AL-WOROUD,AR-RAFEAH,9.86,19.2
AL-NAKHEEL,AL-WAHAH,9.88,19.3
AL-HADA,SALAH AD DEEN,9.88,19.3
AL-EZDIHAR,AL-OLAYA,9.88,19.3
AR-RAHMANIYAH,OLAISHAH,9.91,19.3
AR-RABWAH,OLAISHAH,9.92,19.3
AR-RABWAH,EAST UMM AL-HAMAM,9.93,19.4
AZ-ZAHRAA,SIYAH,9.93,19.4
AL-NUZHA,JAREER,9.94,19.4
AL-MASEEF,AZ-ZAHRAA,9.96,19.4
AR-RAED,OLAISHAH,9.96,19.4
AZ-ZAHRAA,MANFUHA,9.97,19.4
AL-HADA,SKIRINAH,9.98,19.5
AL-MUROOJ,AZ-ZAHRAA,10.0,19.5
AL-YAMAMAH,AZ-ZAHRAA,10.01,19.5
EAST UMM AL-HAMAM,KING ABDULLAH,10.04,19.6
AL-MANSURAH ( KHANSHALILAH ),KING ABDUL AZIZ,10.04,19.6
AL-JARRADIYAH,AR-RABWAH,10.05,19.6
AL-JARRADIYAH,AS-SAFARAT,10.05,19.6
MANFUHA AL-JADEEDAH,NORTH AL-MATHAR,10.07,19.6
EAST UMM AL-HAMAM,UTAYQAH,10.08,19.7
AL-EZDIHAR,AZ-ZAHRAA,10.08,19.7
AL-WOROUD,UMM-SALEEM,10.09,19.7
AL-MATHAR,KING ABDULLAH,10.16,19.8
AR-RAED,UMM-SALEEM,10.16,19.8
AL-AMAL,AS-SAFARAT,10.16,19.8
AS-SAFA,ASH-SHARAFIYAH,10.17,19.8
AD-DOBBAT,AL-MUROOJ,10.17,19.8
AL-KHALIDIAH,AL-OLAYA,10.18,19.9
AL-MASEEF,AL-WIZARAT,10.19,19.9
AL-MURABA,AL-MURSALAT,10.19,19.9
THULAIM,WEST UMM AL HAMAM,10.2,19.9
AL-MURSALAT,JAREER,10.21,19.9
AL-AMAL,SALAH AD DEEN,10.22,19.9
AL-WIZARAT,KING SAUD UNIVERSITY,10.23,19.9
AL-HADA,JABRAH,10.23,19.9
AL-MUROOJ,AL-MUTAMARAT,10.25,20.0
AL-FAISALIYAH,AS-SULAIMANYAH,10.25,20.0
AL-FARUQ,OLAISHAH,10.25,20.0
AL-HADA,UTAYQAH,10.26,20.0
AD-DIRAH,AS-SAFARAT,10.26,20.0
AL-HADA,KING ABDUL AZIZ,10.26,20.0
AL-OLAYA,SIYAH,10.27,20.0
AL-OLAYA,UTAYQAH,10.28,20.0
AL-HADA,AL-MALAZ,10.29,20.1
KING ABDUL AZIZ,KING SAUD UNIVERSITY,10.3,20.1
AS-SAFARAT,KING ABDUL AZIZ,10.31,20.1
AN-NAMUTHAJIYAH,KING SAUD UNIVERSITY,10.32,20.1
AL-BOTAIHA,AL-HADA,10.33,20.1
NORTH AL-MATHAR,SIYAH,10.34,20.2
EAST UMM AL-HAMAM,GHUBAIRA,10.34,20.2
AD-DOBBAT,AL-MASEEF,10.36,20.2
AL-WOROUD,OLAISHAH,10.36,20.2
AL-MATHAR,AL-NUZHA,10.36,20.2
AL-WIZARAT,AT-TAAWUN,10.37,20.2
AS-SAFA,SIYAH,10.38,20.2
AD-DOBBAT,AT-TAAWUN,10.38,20.2
AL-EZDIHAR,KING SAUD UNIVERSITY,10.38,20.2
AL-FAISALIYAH,AN-NASIRIYAH,10.38,20.2
AL-MUTAMARAT,AL-NUZHA,10.38,20.2
AL-HADA,AZ-ZAHRAA,10.38,20.2
AL-MURSALAT,AS-SAFARAT,10.39,20.3
AS-SAFA,NORTH AL-MATHAR,10.39,20.3
AL-FAISALIYAH,AR-RAFEAH,10.4,20.3
AL-FARUQ,KING ABDULLAH,10.4,20.3
AL-FARUQ,SIYAH,10.41,20.3
JAREER,WEST UMM AL HAMAM,10.41,20.3
GHUBAIRA,NORTH AL-MATHAR,10.42,20.3
AD-DIRAH,AR-RAHMANIYAH,10.42,20.3
KING SAUD UNIVERSITY,MUGHARAZAT,10.43,20.3
AL-FAKHIRIYAH,SALAH AD DEEN,10.43,20.3
AS-SULAIMANYAH,UTAYQAH,10.44,20.4
AL-FUTAH,SALAH AD DEEN,10.45,20.4
AL-FAKHIRIYAH,AL-FARUQ,10.46,20.4
MEEKAL,WEST UMM AL HAMAM,10.46,20.4
AR-RABWAH,KING FAHD,10.47,20.4
NORTH AL-MATHAR,UTAYQAH,10.48,20.4
AD-DIRAH,AL-WOROUD,10.48,20.4
AL-HADA,THULAIM,10.48,20.4
AL-WISHAM,SALAH AD DEEN,10.49,20.5
KING ABDUL AZIZ,UTAYQAH,10.49,20.5
AL-MALAZ,KING FAHD,10.51,20.5
AL-FUTAH,AR-RAED,10.55,20.6
AL-MALAZ,AL-MURSALAT,10.56,20.6
AS-SULAIMANYAH,SIYAH,10.57,20.6
JAREER,KING FAHD,10.58,20.6
AL-WOROUD,THULAIM,10.58,20.6
AL-FARUQ,AL-OLAYA,10.59,20.7
SKIRINAH,WEST UMM AL HAMAM,10.6,20.7
AL-NUZHA,AN-NAMUTHAJIYAH,10.61,20.7
AS-SAFARAT,AZ-ZAHRAA,10.63,20.7
AS-SAFA,SALAH AD DEEN,10.64,20.7
AL-WESITA,AS-SAFARAT,10.65,20.8
AL-EZDIHAR,AR-RABWAH,10.65,20.8
AR-RAED,KING ABDULLAH,10.65,20.8
AL-HADA,MANFUHA AL-JADEEDAH,10.66,20.8
JABRAH,WEST UMM AL HAMAM,10.66,20.8
AL-BADEAH,AS-SAFA,10.66,20.8
AL-MALAZ,AR-RAED,10.66,20.8
AL-FAKHIRIYAH,AL-MUHAMMADIYAH,10.67,20.8
AR-RAFEAH,AS-SAFA,10.68,20.8
AL-AMAL,AR-RAED,10.69,20.8
AL-AOUD,AL-HADA,10.69,20.8
AL-MALAZ,AL-NUZHA,10.71,20.9
AR-RABWAH,MANFUHA,10.71,20.9
AR-RAED,MUGHARAZAT,10.71,20.9
AR-RABWAH,AR-RAFEAH,10.72,20.9
AL-MANSURAH ( KHANSHALILAH ),AS-SULAIMANYAH,10.73,20.9
AL-MURSALAT,ASH-SHARAFIYAH,10.74,20.9
AL-MUTAMARAT,AL-NAKHEEL,10.74,20.9
AL-MARGAB,AL-WOROUD,10.76,21.0
AL-WAHAH,ASH-SHARAFIYAH,10.77,21.0
AL-BADEAH,AR-RAED,10.77,21.0
AL-MARGAB,AR-RAHMANIYAH,10.77,21.0
AR-RAHMANIYAH,THULAIM,10.77,21.0
KING ABDUL AZIZ,SIYAH,10.79,21.0
KING ABDULLAH,WEST UMM AL HAMAM,10.79,21.0
AD-DOBBAT,AL-EZDIHAR,10.79,21.0
AT-TAAWUN,EAST UMM AL-HAMAM,10.8,21.1
AL-EZDIHAR,NORTH AL-MATHAR,10.8,21.1
AL-WOROUD,AS-SAFA,10.81,21.1
AL-FAISALIYAH,ASH-SHARAFIYAH,10.82,21.1
AT-TAAWUN,WEST UMM AL HAMAM,10.82,21.1
AL-BOTAIHA,WEST UMM AL HAMAM,10.83,21.1
AR-RABWAH,AT-TAAWUN,10.83,21.1
AL-MURABA,AL-NUZHA,10.84,21.1
AL-MARGAB,AS-SAFARAT,10.85,21.2
AD-DOBBAT,KING SAUD UNIVERSITY,10.85,21.2
AR-RABWAH,UTAYQAH,10.86,21.2
AL-MALAZ,MUGHARAZAT,10.87,21.2
AL-NAKHEEL,ASH-SHARAFIYAH,10.87,21.2
AL-WAHAH,AN-NASIRIYAH,10.89,21.2
AR-RAHMANIYAH,ASH-SHOMAISI,10.89,21.2
AL-EZDIHAR,AL-WIZARAT,10.89,21.2
EAST UMM AL-HAMAM,MUGHARAZAT,10.9,21.3
AL-FAISALIYAH,AL-MATHAR,10.91,21.3
AL-EZDIHAR,AL-NAKHEEL,10.95,21.4
AL-AOUD,WEST UMM AL HAMAM,10.95,21.4
AL-MUHAMMADIYAH,AR-RAFEAH,10.95,21.4
AL-YAMAMAH,EAST UMM AL-HAMAM,10.96,21.4
AL-MASEEF,AL-MATHAR,10.96,21.4
AS-SAFA,MUGHARAZAT,10.97,21.4
AL-FARUQ,AN-NASIRIYAH,10.97,21.4
KING ABDULLAH,KING SAUD UNIVERSITY,10.97,21.4
AL-YAMAMAH,KING ABDUL AZIZ,10.97,21.4
AS-SALHIYAH,WEST UMM AL HAMAM,10.97,21.4
KING ABDUL AZIZ,MANFUHA,10.98,21.4
AL-BADEAH,AR-RAHMANIYAH,10.98,21.4
AL-MURSALAT,AN-NASIRIYAH,10.98,21.4
AS-SINAIYAH,KING ABDULLAH,10.99,21.4
AL-AMAL,KING ABDULLAH,10.99,21.4
AL-AMAL,AL-WAHAH,10.99,21.4
AL-MUROOJ,AN-NAMUTHAJIYAH,10.99,21.4
AL-WOROUD,AS-SINAIYAH,11.0,21.5
AL-MALAZ,AS-SAFARAT,11.0,21.5
AL-FARUQ,AL-MATHAR,11.0,21.5
AL-OLAYA,AL-YAMAMAH,11.03,21.5
AL-YAMAMAH,AR-RABWAH,11.04,21.5
AL-HADA,AS-SALHIYAH,11.06,21.6
AR-RAFEAH,SALAH AD DEEN,11.06,21.6
AL-WESITA,AR-RAHMANIYAH,11.07,21.6
SALAH AD DEEN,UMM-SALEEM,11.07,21.6
AL-HADA,AL-MUROOJ,11.07,21.6
AL-MALAZ,AL-MUHAMMADIYAH,11.07,21.6
AL-YAMAMAH,AS-SULAIMANYAH,11.08,21.6
AS-SAFA,EAST UMM AL-HAMAM,11.11,21.7
AL-MURABA,KING SAUD UNIVERSITY,11.12,21.7
AL-MUHAMMADIYAH,AL-WISHAM,11.12,21.7
AL-BADEAH,AR-RABWAH,11.12,21.7
AL-KHALIDIAH,NORTH AL-MATHAR,11.13,21.7
SALAH AD DEEN,THULAIM,11.13,21.7
AL-MANSURAH ( KHANSHALILAH ),AL-OLAYA,11.14,21.7
AZ-ZAHRAA,KING SAUD UNIVERSITY,11.14,21.7
AL-BADEAH,AL-FARUQ,11.16,21.8
AL-WESITA,AL-WOROUD,11.17,21.8
AS-SINAIYAH,WEST UMM AL HAMAM,11.18,21.8
SIYAH,WEST UMM AL HAMAM,11.18,21.8
AR-RAED,ASH-SHOMAISI,11.18,21.8
AL-EZDIHAR,AR-RAED,11.18,21.8
AS-SAFARAT,MEEKAL,11.2,21.8
AL-WOROUD,ASH-SHOMAISI,11.2,21.8
AD-DIRAH,AR-RAED,11.2,21.8
AL-HADA,AL-YAMAMAH,11.23,21.9
AL-FAISALIYAH,AL-OLAYA,11.26,22.0
AL-NAKHEEL,MUGHARAZAT,11.26,22.0
AD-DIRAH,SALAH AD DEEN,11.27,22.0
AL-MASEEF,AL-MUTAMARAT,11.27,22.0
AL-MUTAMARAT,MUGHARAZAT,11.29,22.0
AL-KHALIDIAH,EAST UMM AL-HAMAM,11.29,22.0
AS-SULAIMANYAH,MANFUHA,11.29,22.0
AL-MUROOJ,ASH-SHARAFIYAH,11.29,22.0
AN-NAMUTHAJIYAH,MUGHARAZAT,11.31,22.1
MUGHARAZAT,WEST UMM AL HAMAM,11.31,22.1
AL-YAMAMAH,NORTH AL-MATHAR,11.32,22.1
AL-NAKHEEL,AN-NASIRIYAH,11.32,22.1
AL-FARUQ,ASH-SHARAFIYAH,11.34,22.1
AL-FAKHIRIYAH,KING FAHD,11.34,22.1
KING ABDULLAH,THULAIM,11.35,22.1
AR-RAHMANIYAH,AS-SINAIYAH,11.37,22.2
AS-SINAIYAH,SALAH AD DEEN,11.38,22.2
MANFUHA AL-JADEEDAH,WEST UMM AL HAMAM,11.38,22.2
AL-OLAYA,MANFUHA,11.38,22.2
AR-RABWAH,WEST UMM AL HAMAM,11.38,22.2
AL-FUTAH,AL-WAHAH,11.38,22.2
AS-SAFARAT,SIYAH,11.39,22.2
AS-SAFARAT,SKIRINAH,11.4,22.2
AR-RABWAH,SIYAH,11.4,22.2
AL-MURABA,MUGHARAZAT,11.41,22.2
AL-MATHAR,MUGHARAZAT,11.44,22.3
OLAISHAH,SALAH AD DEEN,11.44,22.3
AL-WOROUD,AS-SALHIYAH,11.46,22.3
AL-FAKHIRIYAH,KING SAUD UNIVERSITY,11.47,22.4
AL-MARGAB,SALAH AD DEEN,11.47,22.4
AL-JARRADIYAH,AR-RAHMANIYAH,11.47,22.4
AL-NUZHA,AS-SAFA,11.47,22.4
AL-FUTAH,KING ABDULLAH,11.47,22.4
AL-HADA,AL-MURSALAT,11.48,22.4
AL-MASEEF,AR-RABWAH,11.48,22.4
UTAYQAH,WEST UMM AL HAMAM,11.49,22.4
AL-FARUQ,AR-RAFEAH,11.5,22.4
AL-HADA,GHUBAIRA,11.51,22.4
AL-WAHAH,AS-SINAIYAH,11.51,22.4
AL-BADEAH,AL-WOROUD,11.52,22.5
EAST UMM AL-HAMAM,MANFUHA,11.54,22.5
AR-RAFEAH,KING SAUD UNIVERSITY,11.55,22.5
AL-MURABA,AL-MUROOJ,11.55,22.5
AL-MUHAMMADIYAH,JAREER,11.56,22.5
AS-SAFARAT,THULAIM,11.57,22.6
AL-WISHAM,KING FAHD,11.58,22.6
AS-SAFARAT,JABRAH,11.59,22.6
AL-WAHAH,THULAIM,11.61,22.6
AL-MUROOJ,AN-NASIRIYAH,11.62,22.7
AR-RAHMANIYAH,AS-SALHIYAH,11.64,22.7
AR-RAHMANIYAH,AS-SAFA,11.66,22.7
AR-RAED,JAREER,11.67,22.8
AL-MARGAB,AR-RAED,11.68,22.8
AL-AMAL,KING FAHD,11.68,22.8
AL-FARUQ,AL-WAHAH,11.69,22.8
ASH-SHARAFIYAH,KING ABDULLAH,11.7,22.8
AL-MASEEF,AS-SAFARAT,11.7,22.8
AL-JARRADIYAH,AR-RAED,11.7,22.8
AL-BOTAIHA,AS-SAFARAT,11.71,22.8
AL-WAHAH,AS-SAFARAT,11.72,22.9
AL-HADA,AS-SINAIYAH,11.72,22.9
AT-TAAWUN,JAREER,11.73,22.9
AL-AMAL,AL-MUHAMMADIYAH,11.74,22.9
AN-NASIRIYAH,KING ABDULLAH,11.74,22.9
AL-WESITA,AR-RAED,11.76,22.9
AL-FUTAH,AL-MUHAMMADIYAH,11.76,22.9
AL-NAKHEEL,KING ABDUL AZIZ,11.77,23.0
AL-NAKHEEL,AL-WIZARAT,11.77,23.0
AL-EZDIHAR,JAREER,11.78,23.0
AL-MASEEF,AN-NAMUTHAJIYAH,11.78,23.0
AL-MUHAMMADIYAH,UMM-SALEEM,11.78,23.0
MANFUHA,NORTH AL-MATHAR,11.8,23.0
AL-MANSURAH ( KHANSHALILAH ),EAST UMM AL-HAMAM,11.8,23.0
AL-JARRADIYAH,AL-WOROUD,11.8,23.0
AL-MUHAMMADIYAH,OLAISHAH,11.8,23.0
AL-MATHAR,AT-TAAWUN,11.81,23.0
AL-MUHAMMADIYAH,AR-RABWAH,11.81,23.0
AR-RAFEAH,KING FAHD,11.83,23.1
AL-FUTAH,KING FAHD,11.83,23.1
AL-MANSURAH ( KHANSHALILAH ),NORTH AL-MATHAR,11.85,23.1
AR-RAHMANIYAH,JABRAH,11.86,23.1
AL-WAHAH,AL-WISHAM,11.87,23.1
AS-SAFARAT,UTAYQAH,11.87,23.1
AL-NAKHEEL,AN-NAMUTHAJIYAH,11.88,23.2
AL-WOROUD,JABRAH,11.88,23.2
GHUBAIRA,WEST UMM AL HAMAM,11.92,23.2
AR-RAHMANIYAH,MEEKAL,11.92,23.2
AL-AOUD,AL-WOROUD,11.92,23.2
AL-MUTAMARAT,AT-TAAWUN,11.94,23.3
AL-WESITA,SALAH AD DEEN,11.97,23.3
AL-AOUD,AR-RAHMANIYAH,11.97,23.3
AL-EZDIHAR,EAST UMM AL-HAMAM,11.97,23.3
AR-RAHMANIYAH,SKIRINAH,11.97,23.3
AL-AOUD,AS-SAFARAT,11.99,23.4
AS-SALHIYAH,SALAH AD DEEN,12.01,23.4
AL-NUZHA,ASH-SHARAFIYAH,12.02,23.4
AL-MURSALAT,AS-SAFA,12.03,23.5
AR-RAED,THULAIM,12.03,23.5
AL-FARUQ,NORTH AL-MATHAR,12.04,23.5
AL-HADA,JAREER,12.04,23.5
AL-NAKHEEL,KING ABDULLAH,12.06,23.5
AL-HADA,MANFUHA,12.06,23.5
AL-MUROOJ,AR-RABWAH,12.06,23.5
AL-FAKHIRIYAH,AL-WAHAH,12.06,23.5
AL-WOROUD,MEEKAL,12.06,23.5
AL-WOROUD,SKIRINAH,12.06,23.5
AL-BOTAIHA,AR-RAHMANIYAH,12.07,23.5
AL-MASEEF,JAREER,12.1,23.6
AL-WISHAM,KING SAUD UNIVERSITY,12.11,23.6
AS-SALHIYAH,KING ABDULLAH,12.12,23.6
AS-SAFARAT,MANFUHA AL-JADEEDAH,12.12,23.6
AL-BOTAIHA,AL-WOROUD,12.12,23.6
AL-EZDIHAR,WEST UMM AL HAMAM,12.12,23.6
AL-AMAL,AL-MURSALAT,12.13,23.7
ASH-SHOMAISI,SALAH AD DEEN,12.16,23.7
AL-MASEEF,AL-MURABA,12.19,23.8
AD-DIRAH,AL-WAHAH,12.19,23.8
AL-NUZHA,AN-NASIRIYAH,12.19,23.8
AL-MARGAB,KING ABDULLAH,12.2,23.8
KING FAHD,UMM-SALEEM,12.21,23.8
AS-SAFARAT,AS-SALHIYAH,12.24,23.9
AL-MARGAB,AL-WAHAH,12.25,23.9
AD-DIRAH,KING ABDULLAH,12.26,23.9
AN-NAMUTHAJIYAH,AT-TAAWUN,12.26,23.9
AL-NUZHA,AS-SAFARAT,12.3,24.0
AL-WISHAM,KING ABDULLAH,12.31,24.0
AL-MUROOJ,JAREER,12.31,24.0
AL-MALAZ,AL-MUROOJ,12.36,24.1
AR-RABWAH,AR-RAED,12.36,24.1
AL-WAHAH,UMM-SALEEM,12.37,24.1
AD-DOBBAT,AL-NAKHEEL,12.39,24.2
AL-FAKHIRIYAH,AL-MURSALAT,12.39,24.2
AL-FUTAH,AL-MURSALAT,12.39,24.2
AL-YAMAMAH,WEST UMM AL HAMAM,12.4,24.2
KING FAHD,OLAISHAH,12.43,24.2
AL-MURSALAT,AL-WISHAM,12.45,24.3
AL-WAHAH,AS-SALHIYAH,12.45,24.3
AL-FAISALIYAH,NORTH AL-MATHAR,12.46,24.3
AL-HADA,AL-WAHAH,12.47,24.3
AL-MALAZ,AT-TAAWUN,12.49,24.4
AR-RAED,MEEKAL,12.5,24.4
AD-DIRAH,AL-MUHAMMADIYAH,12.51,24.4
AS-SAFARAT,JAREER,12.53,24.4
AL-MURABA,AT-TAAWUN,12.54,24.5
AL-MALAZ,AL-MASEEF,12.54,24.5
AL-FARUQ,SALAH AD DEEN,12.57,24.5
AL-AOUD,SALAH AD DEEN,12.59,24.6
AL-MASEEF,ASH-SHARAFIYAH,12.6,24.6
AS-SAFA,KING FAHD,12.61,24.6
JABRAH,SALAH AD DEEN,12.62,24.6
AR-RAED,SKIRINAH,12.62,24.6
KING SAUD UNIVERSITY,OLAISHAH,12.62,24.6
AL-AMAL,AL-NUZHA,12.62,24.6
AD-DIRAH,KING FAHD,12.63,24.6
AL-BADEAH,SALAH AD DEEN,12.64,24.6
AL-NAKHEEL,AZ-ZAHRAA,12.64,24.6
AR-RAED,JABRAH,12.65,24.7
AL-FAISALIYAH,KING ABDULLAH,12.66,24.7
AL-FARUQ,EAST UMM AL-HAMAM,12.66,24.7
AS-SAFA,WEST UMM AL HAMAM,12.68,24.7
AL-FARUQ,AL-WOROUD,12.69,24.7
AL-FAKHIRIYAH,KING ABDULLAH,12.69,24.7
AL-MURABA,AL-NAKHEEL,12.69,24.7
KING FAHD,THULAIM,12.71,24.8
AS-SAFARAT,AS-SINAIYAH,12.72,24.8
KING ABDULLAH,UMM-SALEEM,12.73,24.8
AR-RAHMANIYAH,MANFUHA AL-JADEEDAH,12.77,24.9
AL-JARRADIYAH,SALAH AD DEEN,12.77,24.9
KING SAUD UNIVERSITY,UMM-SALEEM,12.78,24.9
AL-MALAZ,KING SAUD UNIVERSITY,12.78,24.9
AL-EZDIHAR,AL-MATHAR,12.79,24.9
AL-BADEAH,AL-MUHAMMADIYAH,12.79,24.9
AL-EZDIHAR,AL-MUTAMARAT,12.79,24.9
AL-EZDIHAR,AL-MALAZ,12.8,25.0
AL-FAISALIYAH,EAST UMM AL-HAMAM,12.82,25.0
AL-FARUQ,MUGHARAZAT,12.82,25.0
AR-RAED,AS-SALHIYAH,12.83,25.0
AL-YAMAMAH,AS-SAFARAT,12.83,25.0
AL-BOTAIHA,AR-RAED,12.83,25.0
SALAH AD DEEN,SKIRINAH,12.85,25.1
AL-WAHAH,AR-RAFEAH,12.85,25.1
AL-WOROUD,MANFUHA AL-JADEEDAH,12.86,25.1
AL-BOTAIHA,SALAH AD DEEN,12.86,25.1
AL-MASEEF,AN-NASIRIYAH,12.87,25.1
AL-MUHAMMADIYAH,ASH-SHOMAISI,12.87,25.1
MEEKAL,SALAH AD DEEN,12.88,25.1
AS-SAFARAT,GHUBAIRA,12.88,25.1
AL-MARGAB,AL-MUHAMMADIYAH,12.89,25.1
AL-AOUD,AR-RAED,12.9,25.2
AL-WAHAH,AL-WESITA,12.9,25.2
AR-RAED,AS-SINAIYAH,12.9,25.2
AL-MARGAB,KING FAHD,12.91,25.2
AL-KHALIDIAH,WEST UMM AL HAMAM,12.93,25.2
AL-WESITA,KING ABDULLAH,12.94,25.2
AL-WOROUD,GHUBAIRA,12.94,25.2
AL-WAHAH,OLAISHAH,12.94,25.2
AL-MUHAMMADIYAH,THULAIM,12.94,25.2
AL-HADA,AL-MANSURAH ( KHANSHALILAH ),12.95,25.3
AL-FAKHIRIYAH,AL-NAKHEEL,12.95,25.3
AL-HADA,AL-MASEEF,12.96,25.3
AL-EZDIHAR,AN-NAMUTHAJIYAH,12.96,25.3
AL-NAKHEEL,AR-RAFEAH,12.98,25.3
AL-FUTAH,AL-NUZHA,12.98,25.3
AL-MURSALAT,THULAIM,12.99,25.3
AR-RAHMANIYAH,GHUBAIRA,13.0,25.4
AL-MURSALAT,AR-RAFEAH,13.0,25.4
AL-AMAL,MUGHARAZAT,13.02,25.4
MANFUHA,WEST UMM AL HAMAM,13.03,25.4
AL-MURSALAT,UMM-SALEEM,13.03,25.4
AL-AOUD,KING ABDULLAH,13.03,25.4
AL-HADA,AL-KHALIDIAH,13.04,25.4
AL-EZDIHAR,AS-SAFA,13.04,25.4
AL-FUTAH,KING SAUD UNIVERSITY,13.04,25.4
ASH-SHARAFIYAH,MUGHARAZAT,13.06,25.5
AL-KHALIDIAH,KING ABDULLAH,13.07,25.5
AS-SINAIYAH,KING FAHD,13.09,25.5
AL-AMAL,KING SAUD UNIVERSITY,13.12,25.6
AL-KHALIDIAH,AL-WOROUD,13.13,25.6
AL-EZDIHAR,AL-MURABA,13.14,25.6
AL-MUHAMMADIYAH,AL-WESITA,13.15,25.6
AL-MURSALAT,AS-SINAIYAH,13.16,25.7
AL-FAKHIRIYAH,AL-MUROOJ,13.17,25.7
AN-NASIRIYAH,MUGHARAZAT,13.18,25.7
AS-SAFARAT,AT-TAAWUN,13.2,25.7
AR-RAHMANIYAH,SIYAH,13.2,25.7
AD-DIRAH,AL-MURSALAT,13.21,25.8
AS-SAFA,AT-TAAWUN,13.22,25.8
AL-AOUD,AL-WAHAH,13.22,25.8
AL-NUZHA,AS-SINAIYAH,13.23,25.8
AS-SINAIYAH,MUGHARAZAT,13.26,25.9
AL-HADA,AL-NUZHA,13.26,25.9
JABRAH,KING ABDULLAH,13.29,25.9
AR-RAED,SIYAH,13.29,25.9
AL-NUZHA,THULAIM,13.29,25.9
ASH-SHOMAISI,KING FAHD,13.31,26.0
AR-RAHMANIYAH,UTAYQAH,13.31,26.0
AL-WESITA,KING FAHD,13.32,26.0
AL-NUZHA,AL-WISHAM,13.35,26.0
AL-FARUQ,AL-NUZHA,13.38,26.1
AL-MANSURAH ( KHANSHALILAH ),WEST UMM AL HAMAM,13.39,26.1
AL-MARGAB,AL-MURSALAT,13.39,26.1
AL-WAHAH,JABRAH,13.39,26.1
AL-HADA,AR-RABWAH,13.39,26.1
AL-WAHAH,ASH-SHOMAISI,13.4,26.1
AL-MURSALAT,OLAISHAH,13.4,26.1
AR-RAED,MANFUHA AL-JADEEDAH,13.41,26.1
AS-SAFARAT,KING ABDULLAH,13.41,26.1
AL-KHALIDIAH,AR-RAHMANIYAH,13.43,26.2
AL-JARRADIYAH,AL-MUHAMMADIYAH,13.44,26.2
KING ABDULLAH,OLAISHAH,13.44,26.2
AL-MUROOJ,AL-WISHAM,13.44,26.2
AL-FAKHIRIYAH,AL-NUZHA,13.45,26.2
AL-BADEAH,KING SAUD UNIVERSITY,13.45,26.2
AL-FUTAH,MUGHARAZAT,13.45,26.2
ASH-SHARAFIYAH,AT-TAAWUN,13.48,26.3
AL-FARUQ,AR-RAHMANIYAH,13.49,26.3
JAREER,KING SAUD UNIVERSITY,13.5,26.3
MUGHARAZAT,THULAIM,13.51,26.3
AL-BOTAIHA,KING ABDULLAH,13.55,26.4
AL-KHALIDIAH,SALAH AD DEEN,13.55,26.4
AL-MUHAMMADIYAH,AS-SINAIYAH,13.55,26.4
AL-BADEAH,KING FAHD,13.55,26.4
AL-WOROUD,SIYAH,13.55,26.4
AL-WOROUD,UTAYQAH,13.56,26.4
AL-AMAL,AL-MUROOJ,13.57,26.5
AR-RAFEAH,KING ABDULLAH,13.59,26.5
AR-RAED,UTAYQAH,13.59,26.5
AS-SALHIYAH,KING FAHD,13.59,26.5
AL-MUROOJ,AR-RAFEAH,13.6,26.5
GHUBAIRA,SALAH AD DEEN,13.6,26.5
AS-SAFARAT,MANFUHA,13.61,26.5
AL-NAKHEEL,AL-WISHAM,13.62,26.6
AL-BOTAIHA,AL-WAHAH,13.64,26.6
AL-FAISALIYAH,AL-WAHAH,13.64,26.6
MANFUHA AL-JADEEDAH,SALAH AD DEEN,13.64,26.6
AL-KHALIDIAH,AL-WAHAH,13.67,26.7
ASH-SHOMAISI,KING ABDULLAH,13.68,26.7
AN-NASIRIYAH,AT-TAAWUN,13.68,26.7
AR-RABWAH,AS-SAFARAT,13.69,26.7
KING ABDULLAH,SKIRINAH,13.7,26.7
AL-FUTAH,AL-MUROOJ,13.72,26.8
AL-WAHAH,SKIRINAH,13.73,26.8
AD-DIRAH,KING SAUD UNIVERSITY,13.73,26.8
AL-MUHAMMADIYAH,AS-SAFA,13.74,26.8
AL-MUHAMMADIYAH,AS-SALHIYAH,13.8,26.9
AD-DIRAH,AL-NUZHA,13.8,26.9
AL-WAHAH,MEEKAL,13.82,26.9
ASH-SHOMAISI,KING SAUD UNIVERSITY,13.82,26.9
AL-MASEEF,AS-SAFA,13.83,27.0
KING ABDULLAH,MEEKAL,13.84,27.0
AL-MURSALAT,AS-SALHIYAH,13.86,27.0
AL-FAISALIYAH,AL-WOROUD,13.87,27.0
AS-SAFARAT,MUGHARAZAT,13.88,27.1
AL-NUZHA,UMM-SALEEM,13.88,27.1
AL-MARGAB,AL-NUZHA,13.89,27.1
AR-RABWAH,KING SAUD UNIVERSITY,13.89,27.1
GHUBAIRA,KING ABDULLAH,13.9,27.1
AR-RAED,GHUBAIRA,13.9,27.1
AL-JARRADIYAH,KING FAHD,13.91,27.1
AL-MURSALAT,AL-WESITA,13.91,27.1
AR-RAED,AS-SAFA,13.94,27.2
AL-HADA,KING ABDULLAH,13.95,27.2
AL-MUHAMMADIYAH,JABRAH,13.96,27.2
AL-FARUQ,AL-MURSALAT,13.97,27.2
AL-MUHAMMADIYAH,MEEKAL,13.98,27.3
AL-JARRADIYAH,AL-WAHAH,14.01,27.3
JABRAH,KING FAHD,14.03,27.4
AL-FAISALIYAH,SALAH AD DEEN,14.03,27.4
AL-MUHAMMADIYAH,SKIRINAH,14.04,27.4
AL-WISHAM,MUGHARAZAT,14.07,27.4
AL-MUROOJ,UMM-SALEEM,14.07,27.4
AL-AOUD,KING FAHD,14.07,27.4
AL-AOUD,AL-MUHAMMADIYAH,14.1,27.5
AL-NAKHEEL,OLAISHAH,14.1,27.5
AL-YAMAMAH,AR-RAHMANIYAH,14.11,27.5
AL-MURSALAT,ASH-SHOMAISI,14.12,27.5
AL-AMAL,AL-MASEEF,14.13,27.6
AL-NUZHA,AS-SALHIYAH,14.14,27.6
AL-WAHAH,GHUBAIRA,14.17,27.6
AL-BOTAIHA,AL-MUHAMMADIYAH,14.17,27.6
AL-MARGAB,KING SAUD UNIVERSITY,14.18,27.7
AL-HADA,AS-SAFA,14.18,27.7
AL-NUZHA,AR-RAFEAH,14.19,27.7
KING FAHD,MEEKAL,14.2,27.7
AL-BADEAH,AL-WAHAH,14.21,27.7
KING FAHD,SKIRINAH,14.21,27.7
AL-KHALIDIAH,AS-SAFARAT,14.23,27.7
AD-DIRAH,MUGHARAZAT,14.26,27.8
AL-MUROOJ,OLAISHAH,14.26,27.8
AL-MANSURAH ( KHANSHALILAH ),AL-WOROUD,14.26,27.8
AL-JARRADIYAH,KING ABDULLAH,14.27,27.8
AL-FARUQ,WEST UMM AL HAMAM,14.27,27.8
AL-MARGAB,MUGHARAZAT,14.27,27.8
AL-BOTAIHA,KING FAHD,14.27,27.8
AL-MUROOJ,AS-SAFA,14.28,27.8
AL-NAKHEEL,UMM-SALEEM,14.29,27.9
AL-WOROUD,AL-YAMAMAH,14.3,27.9
AL-FAKHIRIYAH,MUGHARAZAT,14.31,27.9
AL-FAKHIRIYAH,AL-MASEEF,14.31,27.9
AS-SALHIYAH,MUGHARAZAT,14.32,27.9
AL-WESITA,KING SAUD UNIVERSITY,14.32,27.9
AL-HADA,AT-TAAWUN,14.33,27.9
AL-MALAZ,AL-NAKHEEL,14.34,28.0
AL-MANSURAH ( KHANSHALILAH ),AS-SAFARAT,14.34,28.0
AL-JARRADIYAH,KING SAUD UNIVERSITY,14.35,28.0
AL-AMAL,AT-TAAWUN,14.36,28.0
KING ABDULLAH,MANFUHA AL-JADEEDAH,14.36,28.0
AL-MANSURAH ( KHANSHALILAH ),AR-RAHMANIYAH,14.38,28.0
AL-NUZHA,OLAISHAH,14.39,28.1
AL-FUTAH,AL-MASEEF,14.39,28.1
KING SAUD UNIVERSITY,THULAIM,14.4,28.1
AL-FAISALIYAH,AR-RAHMANIYAH,14.41,28.1
AL-MASEEF,AL-WISHAM,14.42,28.1
AL-EZDIHAR,ASH-SHARAFIYAH,14.44,28.2
AL-WAHAH,MANFUHA AL-JADEEDAH,14.45,28.2
SALAH AD DEEN,UTAYQAH,14.47,28.2
AL-FAISALIYAH,WEST UMM AL HAMAM,14.48,28.2
AL-AOUD,AL-MURSALAT,14.48,28.2
AL-YAMAMAH,AR-RAED,14.49,28.3
AL-NUZHA,AL-WESITA,14.51,28.3
SALAH AD DEEN,SIYAH,14.52,28.3
AD-DIRAH,AL-MUROOJ,14.52,28.3
AL-FARUQ,KING FAHD,14.53,28.3
AR-RAHMANIYAH,MANFUHA,14.53,28.3
AL-MURSALAT,JABRAH,14.54,28.4
MUGHARAZAT,UMM-SALEEM,14.55,28.4
AL-EZDIHAR,AS-SAFARAT,14.58,28.4
AL-MUROOJ,THULAIM,14.59,28.5
AL-FUTAH,AL-NAKHEEL,14.59,28.5
AL-BADEAH,AL-MURSALAT,14.6,28.5
AL-EZDIHAR,AN-NASIRIYAH,14.61,28.5
AL-WOROUD,MANFUHA,14.63,28.5
AL-AMAL,AL-NAKHEEL,14.68,28.6
AL-FUTAH,AT-TAAWUN,14.7,28.7
AL-HADA,MUGHARAZAT,14.71,28.7
AL-BADEAH,KING ABDULLAH,14.73,28.7
AL-JARRADIYAH,AL-MURSALAT,14.73,28.7
AL-KHALIDIAH,AR-RAED,14.76,28.8
AS-SAFA,AS-SAFARAT,14.76,28.8
AL-BOTAIHA,AL-MURSALAT,14.78,28.8
AL-MURSALAT,SKIRINAH,14.79,28.8
AL-MARGAB,AL-MUROOJ,14.8,28.9
AL-MANSURAH ( KHANSHALILAH ),KING ABDULLAH,14.82,28.9
AL-MURSALAT,MEEKAL,14.83,28.9
AL-MUHAMMADIYAH,MANFUHA AL-JADEEDAH,14.85,29.0
AL-AMAL,AL-EZDIHAR,14.85,29.0
AL-MANSURAH ( KHANSHALILAH ),SALAH AD DEEN,14.85,29.0
AL-MASEEF,AR-RAFEAH,14.88,29.0
AL-EZDIHAR,AL-FARUQ,14.89,29.0
AL-AOUD,AL-NUZHA,14.89,29.0
AL-BADEAH,AL-NAKHEEL,14.89,29.0
AL-NUZHA,ASH-SHOMAISI,14.93,29.1
AL-MUROOJ,AS-SINAIYAH,14.95,29.2
AL-WESITA,MUGHARAZAT,14.96,29.2
AL-WISHAM,AT-TAAWUN,14.98,29.2
AL-MASEEF,THULAIM,14.99,29.2
AL-MASEEF,UMM-SALEEM,15.01,29.3
KING FAHD,MANFUHA AL-JADEEDAH,15.01,29.3
AL-NAKHEEL,JAREER,15.01,29.3
AS-SINAIYAH,AT-TAAWUN,15.02,29.3
AL-FAKHIRIYAH,AT-TAAWUN,15.02,29.3
AL-FAISALIYAH,AL-HADA,15.03,29.3
AL-NUZHA,JABRAH,15.03,29.3
AL-FAISALIYAH,MUGHARAZAT,15.05,29.3
AT-TAAWUN,THULAIM,15.06,29.4
AR-RAED,MANFUHA,15.09,29.4
GHUBAIRA,KING FAHD,15.09,29.4
KING SAUD UNIVERSITY,MEEKAL,15.09,29.4
AL-FARUQ,AT-TAAWUN,15.12,29.5
AL-MUHAMMADIYAH,GHUBAIRA,15.12,29.5
AL-MUHAMMADIYAH,SIYAH,15.13,29.5
AR-RAFEAH,MUGHARAZAT,15.13,29.5
AL-MASEEF,AS-SINAIYAH,15.13,29.5
AL-YAMAMAH,SALAH AD DEEN,15.15,29.5
AS-SINAIYAH,KING SAUD UNIVERSITY,15.16,29.6
MUGHARAZAT,OLAISHAH,15.16,29.6
AL-AOUD,MUGHARAZAT,15.17,29.6
AL-MUROOJ,ASH-SHOMAISI,15.17,29.6
KING SAUD UNIVERSITY,SKIRINAH,15.19,29.6
JABRAH,KING SAUD UNIVERSITY,15.19,29.6
AD-DIRAH,AL-MASEEF,15.21,29.7
AL-MUROOJ,AL-WESITA,15.21,29.7
AL-KHALIDIAH,KING FAHD,15.23,29.7
AS-SALHIYAH,KING SAUD UNIVERSITY,15.24,29.7
AL-EZDIHAR,AS-SINAIYAH,15.24,29.7
AL-MANSURAH ( KHANSHALILAH ),AL-WAHAH,15.25,29.7
AL-EZDIHAR,AL-FUTAH,15.25,29.7
AD-DIRAH,AL-NAKHEEL,15.28,29.8
AL-BOTAIHA,AL-NUZHA,15.29,29.8
AL-MUHAMMADIYAH,UTAYQAH,15.3,29.8
AL-NAKHEEL,ASH-SHOMAISI,15.32,29.9
AL-KHALIDIAH,AL-MURSALAT,15.33,29.9
AL-NAKHEEL,AR-RABWAH,15.34,29.9
AL-MANSURAH ( KHANSHALILAH ),AR-RAED,15.35,29.9
AL-NUZHA,SKIRINAH,15.35,29.9
AL-MASEEF,OLAISHAH,15.35,29.9
AL-BADEAH,AL-MUROOJ,15.36,30.0
AL-FAISALIYAH,AL-NUZHA,15.37,30.0
AL-KHALIDIAH,MUGHARAZAT,15.37,30.0
JABRAH,MUGHARAZAT,15.38,30.0
AL-BOTAIHA,KING SAUD UNIVERSITY,15.38,30.0
AL-KHALIDIAH,AL-NUZHA,15.39,30.0
AL-MARGAB,AL-MASEEF,15.39,30.0
MANFUHA,SALAH AD DEEN,15.4,30.0
AL-AOUD,KING SAUD UNIVERSITY,15.4,30.0
AL-EZDIHAR,THULAIM,15.42,30.1
AL-NUZHA,MEEKAL,15.43,30.1
AL-MUROOJ,AS-SALHIYAH,15.47,30.2
AL-FARUQ,AL-HADA,15.48,30.2
AL-MURSALAT,GHUBAIRA,15.49,30.2
AD-DIRAH,AT-TAAWUN,15.52,30.3
AL-WAHAH,UTAYQAH,15.53,30.3
AT-TAAWUN,UMM-SALEEM,15.53,30.3
AL-JARRADIYAH,AL-NUZHA,15.54,30.3
ASH-SHOMAISI,MUGHARAZAT,15.56,30.3
AL-MURSALAT,MANFUHA AL-JADEEDAH,15.56,30.3
AL-KHALIDIAH,AL-MUHAMMADIYAH,15.6,30.4
AL-FARUQ,AL-MUHAMMADIYAH,15.6,30.4
KING ABDULLAH,UTAYQAH,15.61,30.4
AL-EZDIHAR,AL-HADA,15.61,30.4
AL-MARGAB,AT-TAAWUN,15.63,30.5
AL-BADEAH,AL-NUZHA,15.64,30.5
AL-BOTAIHA,MUGHARAZAT,15.64,30.5
AL-FAISALIYAH,AL-MURSALAT,15.65,30.5
AL-FARUQ,AR-RAED,15.65,30.5
KING FAHD,SIYAH,15.65,30.5
KING FAHD,UTAYQAH,15.69,30.6
AR-RAFEAH,AT-TAAWUN,15.7,30.6
AL-EZDIHAR,AL-WISHAM,15.72,30.7
AS-SAFA,KING SAUD UNIVERSITY,15.72,30.7
AL-WAHAH,SIYAH,15.73,30.7
AL-MARGAB,AL-NAKHEEL,15.73,30.7
MUGHARAZAT,SKIRINAH,15.76,30.7
AL-FARUQ,AL-MASEEF,15.76,30.7
AL-JARRADIYAH,AL-MUROOJ,15.77,30.8
AL-JARRADIYAH,AL-NAKHEEL,15.84,30.9
AL-NUZHA,GHUBAIRA,15.85,30.9
AL-EZDIHAR,AL-FAKHIRIYAH,15.86,30.9
AL-NAKHEEL,AL-WESITA,15.86,30.9
AL-MASEEF,AS-SALHIYAH,15.86,30.9
AL-FAISALIYAH,KING FAHD,15.88,31.0
MEEKAL,MUGHARAZAT,15.88,31.0
AL-MASEEF,AL-WESITA,15.91,31.0
AS-SALHIYAH,AT-TAAWUN,15.91,31.0
KING ABDULLAH,SIYAH,15.92,31.0
AL-MUROOJ,JABRAH,15.92,31.0
AL-AOUD,AL-MUROOJ,15.96,31.1
KING SAUD UNIVERSITY,SIYAH,15.96,31.1
AL-NAKHEEL,THULAIM,15.97,31.1
KING ABDULLAH,MANFUHA,15.98,31.2
KING SAUD UNIVERSITY,MANFUHA AL-JADEEDAH,15.99,31.2
AT-TAAWUN,OLAISHAH,15.99,31.2
AL-YAMAMAH,KING ABDULLAH,16.04,31.3
AL-FAISALIYAH,AS-SAFARAT,16.05,31.3
AD-DIRAH,AL-EZDIHAR,16.06,31.3
GHUBAIRA,MUGHARAZAT,16.08,31.4
AL-WAHAH,AL-YAMAMAH,16.08,31.4
AL-NUZHA,MANFUHA AL-JADEEDAH,16.09,31.4
AL-MUROOJ,MEEKAL,16.09,31.4
AL-MASEEF,ASH-SHOMAISI,16.1,31.4
AL-MUROOJ,SKIRINAH,16.1,31.4
AL-EZDIHAR,AL-MARGAB,16.11,31.4
AL-MUHAMMADIYAH,AL-YAMAMAH,16.13,31.5
AL-FAISALIYAH,AR-RAED,16.14,31.5
AL-WAHAH,MANFUHA,16.15,31.5
AL-BOTAIHA,AL-MUROOJ,16.16,31.5
AL-JARRADIYAH,MUGHARAZAT,16.16,31.5
AL-FARUQ,AL-MUROOJ,16.21,31.6
AL-FARUQ,AS-SAFARAT,16.21,31.6
AL-WESITA,AT-TAAWUN,16.23,31.6
AL-EZDIHAR,UMM-SALEEM,16.23,31.6
KING SAUD UNIVERSITY,UTAYQAH,16.23,31.6
AL-EZDIHAR,AS-SALHIYAH,16.25,31.7
AL-MANSURAH ( KHANSHALILAH ),KING FAHD,16.4,32.0
GHUBAIRA,KING SAUD UNIVERSITY,16.41,32.0
AL-MURSALAT,UTAYQAH,16.42,32.0
AL-YAMAMAH,KING FAHD,16.44,32.1
AL-BADEAH,MUGHARAZAT,16.44,32.1
MANFUHA AL-JADEEDAH,MUGHARAZAT,16.46,32.1
AL-MURSALAT,SIYAH,16.49,32.2
AL-AOUD,AL-MASEEF,16.49,32.2
AL-BADEAH,AL-MASEEF,16.52,32.2
AL-MANSURAH ( KHANSHALILAH ),AL-MUHAMMADIYAH,16.52,32.2
AL-MASEEF,JABRAH,16.54,32.3
AL-FAISALIYAH,AL-MUHAMMADIYAH,16.58,32.3
ASH-SHOMAISI,AT-TAAWUN,16.6,32.4
AL-MUHAMMADIYAH,MANFUHA,16.6,32.4
AL-EZDIHAR,AR-RAFEAH,16.6,32.4
AL-NAKHEEL,MEEKAL,16.62,32.4
AL-AOUD,AT-TAAWUN,16.65,32.5
AL-MANSURAH ( KHANSHALILAH ),AL-MURSALAT,16.7,32.6
AL-JARRADIYAH,AL-MASEEF,16.71,32.6
AL-NAKHEEL,AS-SINAIYAH,16.72,32.6
AL-NAKHEEL,SKIRINAH,16.73,32.6
AL-NAKHEEL,JABRAH,16.73,32.6
AT-TAAWUN,JABRAH,16.77,32.7
AL-EZDIHAR,OLAISHAH,16.77,32.7
AL-EZDIHAR,AL-WESITA,16.77,32.7
KING FAHD,MANFUHA,16.78,32.7
AL-BOTAIHA,AL-MASEEF,16.79,32.7
AL-MASEEF,SKIRINAH,16.79,32.7
AL-NAKHEEL,AS-SALHIYAH,16.8,32.8
AL-MASEEF,MEEKAL,16.83,32.8
AL-MUROOJ,MANFUHA AL-JADEEDAH,16.9,33.0
AL-BOTAIHA,AL-NAKHEEL,16.92,33.0
AL-MANSURAH ( KHANSHALILAH ),AL-NUZHA,16.95,33.1
AL-AOUD,AL-NAKHEEL,16.95,33.1
AL-MUROOJ,GHUBAIRA,16.98,33.1
AL-BOTAIHA,AT-TAAWUN,17.03,33.2
AL-AOUD,AL-EZDIHAR,17.06,33.3
AL-MANSURAH ( KHANSHALILAH ),MUGHARAZAT,17.07,33.3
AT-TAAWUN,SKIRINAH,17.08,33.3
AL-KHALIDIAH,AL-MUROOJ,17.1,33.3
AL-MURSALAT,AL-YAMAMAH,17.1,33.3
AL-EZDIHAR,AL-FAISALIYAH,17.11,33.4
AL-YAMAMAH,KING SAUD UNIVERSITY,17.12,33.4
AL-NUZHA,UTAYQAH,17.12,33.4
AL-KHALIDIAH,KING SAUD UNIVERSITY,17.12,33.4
AT-TAAWUN,MEEKAL,17.15,33.4
AL-FAISALIYAH,AT-TAAWUN,17.15,33.4
AL-KHALIDIAH,AT-TAAWUN,17.18,33.5
AL-JARRADIYAH,AT-TAAWUN,17.21,33.6
AL-NAKHEEL,AS-SAFA,17.22,33.6
AL-BADEAH,AT-TAAWUN,17.22,33.6
AL-EZDIHAR,JABRAH,17.24,33.6
AL-EZDIHAR,ASH-SHOMAISI,17.27,33.7
AL-NUZHA,SIYAH,17.28,33.7
AL-KHALIDIAH,AL-MASEEF,17.3,33.7
AL-MURSALAT,MANFUHA,17.32,33.8
AL-EZDIHAR,AL-KHALIDIAH,17.37,33.9
AL-NAKHEEL,SIYAH,17.43,34.0
AL-MASEEF,GHUBAIRA,17.49,34.1
AL-BOTAIHA,AL-EZDIHAR,17.5,34.1
AL-MUROOJ,SIYAH,17.51,34.1
AL-NAKHEEL,MANFUHA AL-JADEEDAH,17.52,34.2
AL-FARUQ,KING SAUD UNIVERSITY,17.53,34.2
AL-FAISALIYAH,AL-MASEEF,17.55,34.2
AL-MUROOJ,UTAYQAH,17.56,34.2
AL-MASEEF,MANFUHA AL-JADEEDAH,17.57,34.3
AL-EZDIHAR,SKIRINAH,17.59,34.3
MUGHARAZAT,UTAYQAH,17.61,34.3
AT-TAAWUN,GHUBAIRA,17.62,34.4
AL-FAISALIYAH,AL-MUROOJ,17.67,34.5
KING SAUD UNIVERSITY,MANFUHA,17.69,34.5
AL-EZDIHAR,MEEKAL,17.69,34.5
AL-NUZHA,AL-YAMAMAH,17.7,34.5
AL-NAKHEEL,UTAYQAH,17.73,34.6
AL-NUZHA,MANFUHA,17.81,34.7
AT-TAAWUN,MANFUHA AL-JADEEDAH,17.83,34.8
AL-MANSURAH ( KHANSHALILAH ),KING SAUD UNIVERSITY,17.85,34.8
MUGHARAZAT,SIYAH,17.86,34.8
AL-EZDIHAR,AL-JARRADIYAH,17.87,34.8
AL-NAKHEEL,GHUBAIRA,17.96,35.0
AL-EZDIHAR,GHUBAIRA,17.99,35.1
AL-BADEAH,AL-EZDIHAR,18.03,35.2
AL-YAMAMAH,MUGHARAZAT,18.11,35.3
MANFUHA,MUGHARAZAT,18.12,35.3
AL-MANSURAH ( KHANSHALILAH ),AL-MUROOJ,18.29,35.7
AL-EZDIHAR,MANFUHA AL-JADEEDAH,18.31,35.7
AL-FAISALIYAH,KING SAUD UNIVERSITY,18.31,35.7
AL-MUROOJ,AL-YAMAMAH,18.32,35.7
AL-MASEEF,UTAYQAH,18.41,35.9
AL-MASEEF,SIYAH,18.46,36.0
AL-NAKHEEL,AL-YAMAMAH,18.63,36.3
AL-MUROOJ,MANFUHA,18.67,36.4
AL-KHALIDIAH,AL-NAKHEEL,18.69,36.4
AL-MANSURAH ( KHANSHALILAH ),AL-MASEEF,18.7,36.5
AL-MANSURAH ( KHANSHALILAH ),AT-TAAWUN,18.73,36.5
AT-TAAWUN,UTAYQAH,18.82,36.7
AT-TAAWUN,SIYAH,18.95,37.0
AL-EZDIHAR,AL-MANSURAH ( KHANSHALILAH ),19.03,37.1
AL-FARUQ,AL-NAKHEEL,19.05,37.1
AL-MASEEF,AL-YAMAMAH,19.09,37.2
AL-NAKHEEL,MANFUHA,19.21,37.5
AL-MASEEF,MANFUHA,19.32,37.7
AL-EZDIHAR,UTAYQAH,19.4,37.8
AL-MANSURAH ( KHANSHALILAH ),AL-NAKHEEL,19.4,37.8
AL-YAMAMAH,AT-TAAWUN,19.42,37.9
AT-TAAWUN,MANFUHA,19.55,38.1
AL-EZDIHAR,SIYAH,19.6,38.2
AL-FAISALIYAH,AL-NAKHEEL,19.87,38.7
AL-EZDIHAR,AL-YAMAMAH,19.95,38.9
AL-EZDIHAR,MANFUHA,20.0,39.0
